stars,complete_review
4.1,"Worth it ,Good HD monitor fully happy satisfied thank u flipkart"
4.1,"Good-quality at affordable price. Excellent picture quality. Packing was so good and on time delivery with in 2 days.
Package includes
1. Monitor 19 Inch
2. VGA Cable - HDMI port is available
3. Power Cable
4. Stand.

HD quality using for CCTv footage"
3.6,"The product is really good at this price. The color display is OK. Not of high quality but depending on the price of the product it is very good. Came with a VGA cable, has HDMI port, has a stand as well . The weight of the LED monitor is not very high. It's quite light weight product.

The delivery of Flipkart is really good. Well handled. It was a Open Box delivery and I checked the product in front of the delivery executive. He also recorded the session of unpacking.

Recommended for peopl..."
4,
4.4,
4.4,
4.2,
4,
4.4,
4.4,
4.6,"The price and the quality are at par and is a perfect combination. The display is great given the price, the design is great. Happy to order it. The question is how long is it's life. Need to see that. It has been 3 weeks since I ordered it."
4.2,"Great monitor under 15000 range, i purchased it for my office work

Some important points

1. It dont have inbuilt speakers
2. It come with 16A power plug, so either you need a high power socket for that or a converter

Otherwise good to buy"
4.4,"Honestly the most value for money monitor right now, with most of the other brands offering a 24inch monitor in this price bracket and the price increase in most of them i feel that this was a great deal at near 13k. Great monitor, good panel but the build quality could have been a little better"
4.4,
3.8,
4.1,
4.4,
4.4,
4,
3.2,
4,"I ordered two monitors and these look good. You can trust specs of this device. Build quality is not like benq, that I used in past but in 8.5k you get the best value of money."
4,"Amazing monitor, totally worth the price, has a modern look and very thin bezels…colours are vibrant as well…delivered in just 2 days …loved it"
3.6,"It's a very good product has good clarity, adequate refresh rate and is pretty reasonable priced. I want to specifically mention that though this does not have height adjustment,but INCLUDES TILT ADJUSTMENT. Please check for screws in the cavity of the notch in the stand you are attaching to the back of the monitor.,( They are under a black tape sometimes) else everything is worth the money"
4,
4.3,
4.3,
3.2,
4.1,
4.1,
4.1,
3.8,I got it for an offer for 8400. This monitor has AMD Freesync technology tho it has not written here in the description. The monitor is really good and 75hz for this price is kinda nice too. The blacks look pitch black if you reduce the black in the settings. Overall I would say this is the best one under 10K for gaming and editing. Only thing that is disappointing is that i cannot adjust the stand.
4,Good monitor and gaming amd sync amazing 75 hz refresh rate good for home tv use and computer and Android TV thank u flipkart and acer
4.4,Pretty good quality. Bought for 8K. I got it replaced for the first delivery as monitor was defective. The second replacement delivery just arrived 3 business days. Acer support is fantastic. If you get any error while connecting to laptop just call acer and do the troubleshooting. The price on big billion days was 6.5k. So keep looking for deals.
4.4,
4,
4,
4.5,
4.5,
3.2,
4,
4.8,"I ordered two monitors and these look good. You can trust specs of this device. Build quality is not like benq, that I used in past but in 8.5k you get the best value of money."
4.8,"Amazing monitor, totally worth the price, has a modern look and very thin bezels…colours are vibrant as well…delivered in just 2 days …loved it"
4,"It's a very good product has good clarity, adequate refresh rate and is pretty reasonable priced. I want to specifically mention that though this does not have height adjustment,but INCLUDES TILT ADJUSTMENT. Please check for screws in the cavity of the notch in the stand you are attaching to the back of the monitor.,( They are under a black tape sometimes) else everything is worth the money"
3.3,
4.5,
4.5,
4.7,
4.4,
4.3,
4.3,
4.3,"Monitor is good under this tight budget It have 1Hdmi and 1VGA port in back, supports 60hz screen atleast it should be 75hz screen. But I think I got a defective piece Becuase in the bottom of the screen There was 2 black dot appearing 😔😔 very disappointed 😞 but it is in bottom part so it will not reflect in the eyes of people and it is written LED monitor but it's looks like LCD monitor Becuase when I am Viewing it from different different angles the colours is changing in LED monitor, vi..."
4.3,Not bad at this price range.
4.3,"I was Bit sceptical but ...... after purchasing.

Just go for it"
4.3,
4,
3.7,
3.8,
4,
4.5,
4.5,
4.3,High quality pictures and video.i am fully statisfid with this monitor. But listen it doesn't have any speaker like tv. Very low bit sound for notifications. Otherwise as compared to samsung and any other company it better in this price. I will also suggest you to buy this one . You have a big profit no wast of money.
4,Display quality is ok not like ips sharpness but deep black is better than ips and viewing angel is better than expected in this vA panel.
4.5,Amazing product base is metal and strong good clarity and looks good design can buy it worth
4.5,
4.5,
4.3,
4,
4.3,
4.3,
3.6,
4,"Best monitor in this price segment. It gives me feels like I am using a premium product like the Apple iMac retina display quality.
It is lightweight, super slim not only in Bazzel but also in the LED panel. Overall the performance till now is satisfactory. This is my one-month use experience. I am damm sure no brand will give you this kind of amazing product at this price.

I hope zebronics will provide flexible service at the doorstep if anything happens wrong with this product within the ..."
4.4,I will be honest its quiet descent for the price but i think my stand is a bit curved but over all it like nice and the picture quality us ok but nit high end 1080 and the speak is good for nothing.
4.4,"Nice design and looking good but there few cons

No HDMI cable in the box.
Resolution is not that great when connected via VGA cable.
Sound is not good from the monitor speaker.
Low quality power cable and aux cable
Cannot adjust the monitor height"
4,
4,
4.4,
4.1,
4.1,
4.6,
3.6,
3.9,"At first i got a damaged product but flipkart was fast in arranging a replacement.
The replacement effort really increased my faith in online purchases.
Thank you flipkart.

Monitor is good at this price.
You can see some pixelation of text but images look fine.
If you are looking for a big screen at a low price and ready to compromise a little on text quality go for it."
3.9,"Great picture Quality!!! satisfying all my needs like in work, entertainment and gaming !!👍
Pros:
1.Quality of display colours, PPi everything is great for it's price
2.Matt finish display is great and 75Hz is more than enough for all kind of tasks! If ur not a hard core gamer!!

Cons:
1.only one HDMI port I wish there would be 2 HDMI ports in future models"
3.5,Decent products in this range ...it upto 75 Harz best va pannel good monitor vga hbmi port also available
4.1,
4.4,
4.4,
4.3,
4,
4.4,
4.4,
4.3,Nice monitor from acer. I love it.. Slim and white color gives rich look to the monitor.
4,"Superb experience worth buying, thanks Flipkart.
Packaging of the LED is very good.
Highly recommend for Full-HD video editing as well as gaming of 1920x080p resolution.
Frame rate - 75Hz
Power consumption - 22Watts
Screen - Matt finish
Glassy White body gives awesome finish.
Best value product.
Also got in box
- HDMI & VGA Cables

Finally can say.

👍 Awesome 👍"
4.2,This is amazing i just got it in very nice price...design is so slim and good for eye sight...it comes with blue light filter which protect your eyes and picture quality is great at this price point you get a full hd display...and i am love with it..i am using this with my laptop.you can definately go for it.
4.2,
4.3,
4,
4.1,
4.1,
3.6,
4,
4.4,"1 Own 3 of these and I must say.....Benq is best at display...Really gives you paperlike feeling at reading mode. Reading text was never so better..On the other hand, the IPS panel of this gives you incredible display with decent black levels that we are used to.
If you buy these you will feel style dropping off from these.Its beautiful ;)...Loving it.
PLEASE NOTE: THIS IS AUSTRALIAN IMPORT SO NO INDIAN POWER CABLE.........................."
4.4,"The monitor was worth an investment. The display is nice and the screen area cover is good too. I am yet to discover all the display features but the options of brightness to be set for reading, net surfing, etc is a good one. To customize brightness, etc is something which I don't see as of now."
4.2,"Giving review after 10 days. I am satisfied with this monitor. If you are looking for office work then its great choice. I bought this after reading review. Eye care technology is good. Whenever you go near the monitor sensor detects motion and will adjust brightness. There is sensor attached below monitor that manage the brightness as per your body distance.

Speaker is not good and to be honest you cant expect good speaker in this price range. After all i know you are going to attach exte..."
4,
4.4,
4.4,
3.2,
4,
4.5,
4.5,
4.3,"The monitor is beautiful in design and it comes with inbuilt 2 units of 2w speaker at back.The built quality is also good. The screen quality is best.... And it comes with inbuilt system settings and you are able to change the settings according to your demand.I played a 4k video in this monitor, and it plays in smoothly without no flickering, because of it's AMD Radeon Syncing feature. None of the company's monitor is giving these specifications at this price.So, if you want to do light gami..."
4,"Good One, loved it... ❤️"
4.1,Best on this price point. Display is great but speaker's sound is quite low.
4.1,
3.8,
4,
4.4,
4.4,
4.1,
4.3,
4.5,High quality pictures and video.i am fully statisfid with this monitor. But listen it doesn't have any speaker like tv. Very low bit sound for notifications. Otherwise as compared to samsung and any other company it better in this price. I will also suggest you to buy this one . You have a big profit no wast of money.
4.5,Display quality is ok not like ips sharpness but deep black is better than ips and viewing angel is better than expected in this vA panel.
4.7,Amazing product base is metal and strong good clarity and looks good design can buy it worth
4,
4.3,
4.3,
3.2,
4.1,
4.5,
4.5,
4,"This monitor is just awesome. Amazing picture quality. I can do coding and watch anime's for whole day and night.
It is also good for eyes. No reflections at all. I was tired of my laptop screed because of the reflection in day light but this display does not reflects at all so i can work at day time as well.
Now i can watch anime's or do coding stuff without crying ( OK I cry sometimes but because of the anime's not because of display. Ahh anime's are great)
So if you are thinking of buying ..."
3.7,"After I read all the reviews and ratings, I decided to buy this monitor, Flipkart delivered this within 2 days, but received monitor has some display Quality and Clarity issue it could not be easily identify most of the people's, I realized the picture clarity is very poor when I compared with my 12 year old monitor so I totally disappointed, then I decided to return and refund request for this product, Flipkart customer support explained ""unable to get refund, can get only replacement"" so I ..."
4.8,"First of all I would like to thank Flipkart for the superfast delivery on the committed time.
The product is awesome. Very catchy. The best part of it is its price point.
Picture quality is awesome, viewing angles are great. Overall a great piece of electronics.
The bezel is smooth and has got a great finish, Samsung you did a great job.
I recommend this monitor for average gaming, photo processing. Watching movies
in this curved immersive monitor is a great experience."
4.8,
4,
3.3,
4.5,
4.5,
4.7,
4.4,
4.3,Best Product With Best Delivery
4.3,"1 Own 3 of these and I must say.....Benq is best at display...Really gives you paperlike feeling at reading mode. Reading text was never so better..On the other hand, the IPS panel of this gives you incredible display with decent black levels that we are used to.
If you buy these you will feel style dropping off from these.Its beautiful ;)...Loving it.
PLEASE NOTE: THIS IS AUSTRALIAN IMPORT SO NO INDIAN POWER CABLE.........................."
4,"The monitor was worth an investment. The display is nice and the screen area cover is good too. I am yet to discover all the display features but the options of brightness to be set for reading, net surfing, etc is a good one. To customize brightness, etc is something which I don't see as of now."
3.3,"Giving review after 10 days. I am satisfied with this monitor. If you are looking for office work then its great choice. I bought this after reading review. Eye care technology is good. Whenever you go near the monitor sensor detects motion and will adjust brightness. There is sensor attached below monitor that manage the brightness as per your body distance.

Speaker is not good and to be honest you cant expect good speaker in this price range. After all i know you are going to attach exte..."
4.3,
4.3,
4.7,
4.2,
4.5,
4.5,
4.1,
4.4,"At first i got a damaged product but flipkart was fast in arranging a replacement.
The replacement effort really increased my faith in online purchases.
Thank you flipkart.

Monitor is good at this price.
You can see some pixelation of text but images look fine.
If you are looking for a big screen at a low price and ready to compromise a little on text quality go for it."
4.8,"Great picture Quality!!! satisfying all my needs like in work, entertainment and gaming !!👍
Pros:
1.Quality of display colours, PPi everything is great for it's price
2.Matt finish display is great and 75Hz is more than enough for all kind of tasks! If ur not a hard core gamer!!

Cons:
1.only one HDMI port I wish there would be 2 HDMI ports in future models"
4.8,Decent products in this range ...it upto 75 Harz best va pannel good monitor vga hbmi port also available
3.3,
4.3,
4.3,
3.2,
4,
4.5,
4.5,
3.6,Excellent
4.3,Its very good for programmers and students.
4.4,Nice 👍
4.4,Good product but
4.5,nice
4.7,
4.1,
4.1,
4.6,
3.6,"Just today I brought this monitor . With the monitor I got that adaptor for power supply, hdmi cable etc. I registered at the samsung website for extended warranty offer also. Nice monitor with sleek design. It has PC mode and video mode. AMD sync and all is available if used only with AMD graphic cards. I recommend everyone for this monitor since you can read all websites and all clearly. I had used a 21.5 inch earlier, now wished the horizontal screen size could be a bit more, but still i..."
4.5,"Don't think so much just buy it . quality is very good 😊
Pictures Quality is amazing 😍.
27inch is amazing 😍"
4.4,Monitor is too good for working and entertainment. Even for gaming it has 75hz refresh rate.
4.4,
4.6,
4.2,
4.4,
4.4,
3.8,
4.1,
4.4,"Just today I brought this monitor . With the monitor I got that adaptor for power supply, hdmi cable etc. I registered at the samsung website for extended warranty offer also. Nice monitor with sleek design. It has PC mode and video mode. AMD sync and all is available if used only with AMD graphic cards. I recommend everyone for this monitor since you can read all websites and all clearly. I had used a 21.5 inch earlier, now wished the horizontal screen size could be a bit more, but still i..."
4.4,"Don't think so much just buy it . quality is very good 😊
Pictures Quality is amazing 😍.
27inch is amazing 😍"
4,Monitor is too good for working and entertainment. Even for gaming it has 75hz refresh rate.
3.2,
4,
4,
3.6,
4,
4.3,
4.3,
3.2,Amazing product with great picture quality .. and stylish Look
4.1,Fantastic product.this is the best from I think...superb build quality ..its looks like a gaming monitor
4.4,Excellent
4.4,
4,
4,"Worth it ,Good HD monitor fully happy satisfied thank u flipkart"
4.5,"Good-quality at affordable price. Excellent picture quality. Packing was so good and on time delivery with in 2 days.
Package includes
1. Monitor 19 Inch
2. VGA Cable - HDMI port is available
3. Power Cable
4. Stand.

HD quality using for CCTv footage"
4.5,"The product is really good at this price. The color display is OK. Not of high quality but depending on the price of the product it is very good. Came with a VGA cable, has HDMI port, has a stand as well . The weight of the LED monitor is not very high. It's quite light weight product.

The delivery of Flipkart is really good. Well handled. It was a Open Box delivery and I checked the product in front of the delivery executive. He also recorded the session of unpacking.

Recommended for peopl..."
3.2,
4,
4.3,
4.3,
4.3,
4.3,
4.3,
4.3,"The price and the quality are at par and is a perfect combination. The display is great given the price, the design is great. Happy to order it. The question is how long is it's life. Need to see that. It has been 3 weeks since I ordered it."
4,"Great monitor under 15000 range, i purchased it for my office work

Some important points

1. It dont have inbuilt speakers
2. It come with 16A power plug, so either you need a high power socket for that or a converter

Otherwise good to buy"
3.7,"Honestly the most value for money monitor right now, with most of the other brands offering a 24inch monitor in this price bracket and the price increase in most of them i feel that this was a great deal at near 13k. Great monitor, good panel but the build quality could have been a little better"
3.8,
4,
4.5,
4.5,
4.3,
4,
4.3,
4.3,"Good for the price with 10% discount.

Just a day of usage and it seems pretty good for the price. Colours and details are good. Blue light feature helps to reduce some eye strain.

Speakers are good but sound is low. No audio output available.

Overall satisfied..

Delivery was delayed by a day."
3.6,"Out of the box the monitor is good. General user can use the monitor with it's default settings. Pro user can calibrate it through well detailed osd menu for personal preference. If durability remains good, then this monitor is definitely recommended.
All accessories are provided. Nice packaging, and I'm not interested in its audio capability, so never checked. It's a good display, that's all."
4,"Very good monitor, looks bigger than my previous monitor as screen is very flat and without any borders. Packaging by seller was very nice. Assembling it was very easy took just 10 minutes. Happy with this monitor."
4.4,
4.4,
4,
4,
4.5,
4.5,
4.7,
4.4,"1 Own 3 of these and I must say.....Benq is best at display...Really gives you paperlike feeling at reading mode. Reading text was never so better..On the other hand, the IPS panel of this gives you incredible display with decent black levels that we are used to.
If you buy these you will feel style dropping off from these.Its beautiful ;)...Loving it.
PLEASE NOTE: THIS IS AUSTRALIAN IMPORT SO NO INDIAN POWER CABLE.........................."
3.9,"The monitor was worth an investment. The display is nice and the screen area cover is good too. I am yet to discover all the display features but the options of brightness to be set for reading, net surfing, etc is a good one. To customize brightness, etc is something which I don't see as of now."
3.9,"Giving review after 10 days. I am satisfied with this monitor. If you are looking for office work then its great choice. I bought this after reading review. Eye care technology is good. Whenever you go near the monitor sensor detects motion and will adjust brightness. There is sensor attached below monitor that manage the brightness as per your body distance.

Speaker is not good and to be honest you cant expect good speaker in this price range. After all i know you are going to attach exte..."
3.5,
4.1,
4.4,
4.4,
4.3,
4,
4.2,
4.2,"Best monitor in this price segment. It gives me feels like I am using a premium product like the Apple iMac retina display quality.
It is lightweight, super slim not only in Bazzel but also in the LED panel. Overall the performance till now is satisfactory. This is my one-month use experience. I am damm sure no brand will give you this kind of amazing product at this price.

I hope zebronics will provide flexible service at the doorstep if anything happens wrong with this product within the ..."
4.3,I will be honest its quiet descent for the price but i think my stand is a bit curved but over all it like nice and the picture quality us ok but nit high end 1080 and the speak is good for nothing.
4,"Nice design and looking good but there few cons

No HDMI cable in the box.
Resolution is not that great when connected via VGA cable.
Sound is not good from the monitor speaker.
Low quality power cable and aux cable
Cannot adjust the monitor height"
4.4,
4.4,
3.2,
4,
4.5,
4.5,
4.3,
4,"I bought this monitor after so much research of finding the best 24 inch IPS monitor. Here are the pros and cons.

Pros:
IPS screen provides better colour accuracy & wider viewing angle
3 side borderless screen provides that extra diagonal screen width unlike other monitors which provide 23.8 inch only instead of 24.
Better picture modes for different needs(Gaming, Cinema, Photo Editing etc)
Good refresh rate of 60 hz or 75 Hz with AMD freesync
Good Response time of 5ms


Cons:
Like every IP..."
4.4,"Monitor is great on its own but it wasn't a worthy upgrade for me or my expectations were more from it being an IPS display. I had a samsung monitor previously with VA panel and it was working perfectly. Never faced any issues. The colors were great but the vertical viewing angles were bad which again didn't matter so much. But I got tempted into buying an IPS display monitor after seeing it's features and reviews so I unnecessarily spent money on this.

Now comparing it to my 8 year old sams..."
4.4,"Good product at 9k range. Received in just 2 days during sale. The product price varies a lot, so wait for the right price. It has 2 HDMI ports and 1 VGA port. It comes with HDMI cable which is a plus point. It doesn't come with VGA cable, so if you only have a VGA input, then you will need to order the cable.

Very easy installation. Display is very good under normal conditions, but if there is bright sunlight coming through window etc. then display is not that good. It has pretty good brigh..."
4.1,
4.3,
4.5,
4.5,
4.7,
4,
4.3,
4.3,"If your are developer Great Choice.
Some positive point, screen is pretty wide along with 2 hdmi port which you can connect with your laptop and desktop at same time by switching mode.
1 audio out port. But no mic.
You can divide your screen into two or three part for simultaneous work."
3.2,Best deal on Flipkart.. Nice monitor perfect for work from home and trading....
4.1,"Finally, after many days of relentless hunt for a good 27"" monitors (and 2 returns) came upon a wide screen monitor.This was an unexpected surprise and totally worth the pricing. It's apt for multitasking , gaming and graphics.Also got to redeem my coins for further savings, thx Flipkart"
4.5,
4.5,
4,
3.7,
4.3,
4.3,
4,
3.3,High quality pictures and video.i am fully statisfid with this monitor. But listen it doesn't have any speaker like tv. Very low bit sound for notifications. Otherwise as compared to samsung and any other company it better in this price. I will also suggest you to buy this one . You have a big profit no wast of money.
4.3,Display quality is ok not like ips sharpness but deep black is better than ips and viewing angel is better than expected in this vA panel.
4.3,Amazing product base is metal and strong good clarity and looks good design can buy it worth
4.7,
4.2,
4.8,
4.8,
3.3,
4.1,
4.1,
3.6,"This monitor is just awesome. Amazing picture quality. I can do coding and watch anime's for whole day and night.
It is also good for eyes. No reflections at all. I was tired of my laptop screed because of the reflection in day light but this display does not reflects at all so i can work at day time as well.
Now i can watch anime's or do coding stuff without crying ( OK I cry sometimes but because of the anime's not because of display. Ahh anime's are great)
So if you are thinking of buying ..."
4,"After I read all the reviews and ratings, I decided to buy this monitor, Flipkart delivered this within 2 days, but received monitor has some display Quality and Clarity issue it could not be easily identify most of the people's, I realized the picture clarity is very poor when I compared with my 12 year old monitor so I totally disappointed, then I decided to return and refund request for this product, Flipkart customer support explained ""unable to get refund, can get only replacement"" so I ..."
4.4,"First of all I would like to thank Flipkart for the superfast delivery on the committed time.
The product is awesome. Very catchy. The best part of it is its price point.
Picture quality is awesome, viewing angles are great. Overall a great piece of electronics.
The bezel is smooth and has got a great finish, Samsung you did a great job.
I recommend this monitor for average gaming, photo processing. Watching movies
in this curved immersive monitor is a great experience."
4.4,
4.2,
4,
4.3,
4.3,
3.2,
4,
4.5,"1 Own 3 of these and I must say.....Benq is best at display...Really gives you paperlike feeling at reading mode. Reading text was never so better..On the other hand, the IPS panel of this gives you incredible display with decent black levels that we are used to.
If you buy these you will feel style dropping off from these.Its beautiful ;)...Loving it.
PLEASE NOTE: THIS IS AUSTRALIAN IMPORT SO NO INDIAN POWER CABLE.........................."
4.5,"The monitor was worth an investment. The display is nice and the screen area cover is good too. I am yet to discover all the display features but the options of brightness to be set for reading, net surfing, etc is a good one. To customize brightness, etc is something which I don't see as of now."
3.6,"Giving review after 10 days. I am satisfied with this monitor. If you are looking for office work then its great choice. I bought this after reading review. Eye care technology is good. Whenever you go near the monitor sensor detects motion and will adjust brightness. There is sensor attached below monitor that manage the brightness as per your body distance.

Speaker is not good and to be honest you cant expect good speaker in this price range. After all i know you are going to attach exte..."
4.3,
4.1,
4.1,
3.8,
4,
4.4,
4.4,
4.5,"I always prefer Dell product and buying that from Flipkart is amazing fast , reliable ....just grab one can be used as CCTV monitor D2020H VGA+ HDMI port also available."
4.7,"Good quality product size also good for home use and watching movies or alternative use of TV 19.5 it's really good size as compared to18.5


I have both size screen but 19.5 it's really good

Picture quality are not compared to laptop screen but overall it's good"
3.7,dell monitor best view picture quality
3.7,
3.5,
4,
4.4,
4.4,
4.3,
4,
4.5,"Product is good for the price but have mainly 2 downsides imo.
1. It has only one HDMI in port. There should have been atleast 2.
2. Picture quality is not that great.

Rest everything is good, loved the fact that we can tilt it right away without the need of any other arm/stand."
4.5,Awesome
3.6,Not yet used for more than 3 hours.but product is good
4,
4.8,
4.8,
4,
3.3,
4.5,
4.5,
4.7,Best Product With Best Delivery
4.4,Good
4.5,"Very Good Product. Good Packaging.
The Dell quality is there.
Decent display, viewing angle not so great( TN panel ). Sturdy stand. No wobbles.
Got HDMI and VGA cables with the monitor ( and the power cable of course )."
4.5,Its a very good product... Good build quality.. Both VGA input and HDMI input works perfect.. Its a good choice.. as we could even use it as a TV screen with the HDMI input.. Really satisfied with the monitor and the delivery of flipkart...
4.4,"4.5/5

Wow.. what a nice product
I ❤️ it.
SCREEN SIZE - Compact | True Screen
LOOKS like Amazing...So Nice product.. 🤩🤩

I recommended to buy this one.✅"
3.3,
4.6,
4.6,
3.3,
4.5,
4.5,
4.1,
4.5,"This is the good one which I have choose from many other in the market.
1. Color quality is pretty good. And its good also who is working with colors.
2. 24"" size is perfect for coding.
3. You can adjust the flip.

Lack:
1. Refresh Rate: If this is more then better for this monitor, Why because when you watch the movies/ videos you can clearly see the frame response.
2. Speaker: Good to have small mono speakers."
4.5,Best Product at this price point. I got a defective product before but the customer support service is too quick they processed my replacement after reviewing. Flipkart is Best using it from 6 years. Happy and Satisfied
4.3,It looks like LED TV display iam very happy about this product...and also delivery was fast thanks to Flipkart..
4,
4.7,
4.7,
4.7,
3.3,
4.3,
4.3,
3.6,The picture quality of this monitor is good and smooth can do upto 165 Hz refresh rate and no HDR 10 support only 1440p max resolution you can get with this product.
4.2,Nice for gaming and good product
4.5,Nice
4.5,
4.6,
4.1,
4.6,
4.6,
4,
4.4,
4.1,Excellent
4.1,Its very good for programmers and students.
4.6,Excellent product at the price which I got in republic day sale. I need a product which cause less eye strain as I am a guy who is currently WFH and need a good monitor for my daily work. This is decent package. Its eye care technology and low blue light features are good. Thank u flipkart and benq for such a product.
3.6,"This is a great buy in range of 15k, so if someone is plaining to buy monitor and if you have budget of 15k then go for it don't think much benq is better than all those well known player"
4.4,"Pros: Good picture quality, different modes for viewing movies, reading, surfing etc. Eye protection is Good. Height adjustments are nice and panel can also be rotated. There is audio in as well as out port.
Cons: The 1 watt speakers are useless. One more extra hdmi port and a usb port for charging if provided would have made this an excellent choice. Without them You need extra investment around 3k rs(for hdmi switch, speakers, usb charger etc.)"
4.4,
4.6,
4.2,
4.4,
4.4,
3.8,
4.1,
4.4,"I ordered two monitors and these look good. You can trust specs of this device. Build quality is not like benq, that I used in past but in 8.5k you get the best value of money."
4.4,"Amazing monitor, totally worth the price, has a modern look and very thin bezels…colours are vibrant as well…delivered in just 2 days …loved it"
4,"It's a very good product has good clarity, adequate refresh rate and is pretty reasonable priced. I want to specifically mention that though this does not have height adjustment,but INCLUDES TILT ADJUSTMENT. Please check for screws in the cavity of the notch in the stand you are attaching to the back of the monitor.,( They are under a black tape sometimes) else everything is worth the money"
3.2,
4,
4,
3.6,
4,
4.3,
4.3,
3.2,I got it for an offer for 8400. This monitor has AMD Freesync technology tho it has not written here in the description. The monitor is really good and 75hz for this price is kinda nice too. The blacks look pitch black if you reduce the black in the settings. Overall I would say this is the best one under 10K for gaming and editing. Only thing that is disappointing is that i cannot adjust the stand.
4.1,Good monitor and gaming amd sync amazing 75 hz refresh rate good for home tv use and computer and Android TV thank u flipkart and acer
4.4,Pretty good quality. Bought for 8K. I got it replaced for the first delivery as monitor was defective. The second replacement delivery just arrived 3 business days. Acer support is fantastic. If you get any error while connecting to laptop just call acer and do the troubleshooting. The price on big billion days was 6.5k. So keep looking for deals.
4.4,
4,
4,
4.5,
4.5,
3.2,
4,
4.3,"I ordered two monitors and these look good. You can trust specs of this device. Build quality is not like benq, that I used in past but in 8.5k you get the best value of money."
4.3,"Amazing monitor, totally worth the price, has a modern look and very thin bezels…colours are vibrant as well…delivered in just 2 days …loved it"
4.3,"It's a very good product has good clarity, adequate refresh rate and is pretty reasonable priced. I want to specifically mention that though this does not have height adjustment,but INCLUDES TILT ADJUSTMENT. Please check for screws in the cavity of the notch in the stand you are attaching to the back of the monitor.,( They are under a black tape sometimes) else everything is worth the money"
4.3,
4.3,
4.3,
4,
3.7,
3.8,
4,
4.5,"Monitor is good under this tight budget It have 1Hdmi and 1VGA port in back, supports 60hz screen atleast it should be 75hz screen. But I think I got a defective piece Becuase in the bottom of the screen There was 2 black dot appearing 😔😔 very disappointed 😞 but it is in bottom part so it will not reflect in the eyes of people and it is written LED monitor but it's looks like LCD monitor Becuase when I am Viewing it from different different angles the colours is changing in LED monitor, vi..."
4.5,Not bad at this price range.
4.3,"I was Bit sceptical but ...... after purchasing.

Just go for it"
4,
4.3,
4.3,
3.6,
4,
4.4,
4.4,
4,High quality pictures and video.i am fully statisfid with this monitor. But listen it doesn't have any speaker like tv. Very low bit sound for notifications. Otherwise as compared to samsung and any other company it better in this price. I will also suggest you to buy this one . You have a big profit no wast of money.
4,Display quality is ok not like ips sharpness but deep black is better than ips and viewing angel is better than expected in this vA panel.
4.5,Amazing product base is metal and strong good clarity and looks good design can buy it worth
4.5,
4.7,
4.4,
3.9,
3.9,
3.5,
4.1,
4.4,"At first i got a damaged product but flipkart was fast in arranging a replacement.
The replacement effort really increased my faith in online purchases.
Thank you flipkart.

Monitor is good at this price.
You can see some pixelation of text but images look fine.
If you are looking for a big screen at a low price and ready to compromise a little on text quality go for it."
4.4,"Great picture Quality!!! satisfying all my needs like in work, entertainment and gaming !!👍
Pros:
1.Quality of display colours, PPi everything is great for it's price
2.Matt finish display is great and 75Hz is more than enough for all kind of tasks! If ur not a hard core gamer!!

Cons:
1.only one HDMI port I wish there would be 2 HDMI ports in future models"
4.3,Decent products in this range ...it upto 75 Harz best va pannel good monitor vga hbmi port also available
4,
4.2,
4.2,
4.3,
4,
4.4,
4.4,
3.2,Nice monitor from acer. I love it.. Slim and white color gives rich look to the monitor.
4,"Superb experience worth buying, thanks Flipkart.
Packaging of the LED is very good.
Highly recommend for Full-HD video editing as well as gaming of 1920x080p resolution.
Frame rate - 75Hz
Power consumption - 22Watts
Screen - Matt finish
Glassy White body gives awesome finish.
Best value product.
Also got in box
- HDMI & VGA Cables

Finally can say.

👍 Awesome 👍"
4.5,This is amazing i just got it in very nice price...design is so slim and good for eye sight...it comes with blue light filter which protect your eyes and picture quality is great at this price point you get a full hd display...and i am love with it..i am using this with my laptop.you can definately go for it.
4.5,
4.3,
4,
4.4,
4.4,
4.1,
4.3,
4.5,"The monitor is beautiful in design and it comes with inbuilt 2 units of 2w speaker at back.The built quality is also good. The screen quality is best.... And it comes with inbuilt system settings and you are able to change the settings according to your demand.I played a 4k video in this monitor, and it plays in smoothly without no flickering, because of it's AMD Radeon Syncing feature. None of the company's monitor is giving these specifications at this price.So, if you want to do light gami..."
4.5,"Good One, loved it... ❤️"
4.7,Best on this price point. Display is great but speaker's sound is quite low.
4,
4.3,
4.3,
3.2,
4.1,
4.5,
4.5,
4,High quality pictures and video.i am fully statisfid with this monitor. But listen it doesn't have any speaker like tv. Very low bit sound for notifications. Otherwise as compared to samsung and any other company it better in this price. I will also suggest you to buy this one . You have a big profit no wast of money.
3.7,Display quality is ok not like ips sharpness but deep black is better than ips and viewing angel is better than expected in this vA panel.
4.3,Amazing product base is metal and strong good clarity and looks good design can buy it worth
4.3,
4,
3.3,
4.3,
4.3,
4.7,
4.2,
4.8,"This monitor is just awesome. Amazing picture quality. I can do coding and watch anime's for whole day and night.
It is also good for eyes. No reflections at all. I was tired of my laptop screed because of the reflection in day light but this display does not reflects at all so i can work at day time as well.
Now i can watch anime's or do coding stuff without crying ( OK I cry sometimes but because of the anime's not because of display. Ahh anime's are great)
So if you are thinking of buying ..."
4.8,"After I read all the reviews and ratings, I decided to buy this monitor, Flipkart delivered this within 2 days, but received monitor has some display Quality and Clarity issue it could not be easily identify most of the people's, I realized the picture clarity is very poor when I compared with my 12 year old monitor so I totally disappointed, then I decided to return and refund request for this product, Flipkart customer support explained ""unable to get refund, can get only replacement"" so I ..."
3.3,"First of all I would like to thank Flipkart for the superfast delivery on the committed time.
The product is awesome. Very catchy. The best part of it is its price point.
Picture quality is awesome, viewing angles are great. Overall a great piece of electronics.
The bezel is smooth and has got a great finish, Samsung you did a great job.
I recommend this monitor for average gaming, photo processing. Watching movies
in this curved immersive monitor is a great experience."
4.1,
4.1,
3.6,
4,
4.4,
4.4,
4.2,
4,"At first i got a damaged product but flipkart was fast in arranging a replacement.
The replacement effort really increased my faith in online purchases.
Thank you flipkart.

Monitor is good at this price.
You can see some pixelation of text but images look fine.
If you are looking for a big screen at a low price and ready to compromise a little on text quality go for it."
4.3,"Great picture Quality!!! satisfying all my needs like in work, entertainment and gaming !!👍
Pros:
1.Quality of display colours, PPi everything is great for it's price
2.Matt finish display is great and 75Hz is more than enough for all kind of tasks! If ur not a hard core gamer!!

Cons:
1.only one HDMI port I wish there would be 2 HDMI ports in future models"
4.3,Decent products in this range ...it upto 75 Harz best va pannel good monitor vga hbmi port also available
3.2,
4,
4.5,
4.5,
3.6,
4.3,
4.1,
4.1,"1 Own 3 of these and I must say.....Benq is best at display...Really gives you paperlike feeling at reading mode. Reading text was never so better..On the other hand, the IPS panel of this gives you incredible display with decent black levels that we are used to.
If you buy these you will feel style dropping off from these.Its beautiful ;)...Loving it.
PLEASE NOTE: THIS IS AUSTRALIAN IMPORT SO NO INDIAN POWER CABLE.........................."
3.8,"The monitor was worth an investment. The display is nice and the screen area cover is good too. I am yet to discover all the display features but the options of brightness to be set for reading, net surfing, etc is a good one. To customize brightness, etc is something which I don't see as of now."
4,"Giving review after 10 days. I am satisfied with this monitor. If you are looking for office work then its great choice. I bought this after reading review. Eye care technology is good. Whenever you go near the monitor sensor detects motion and will adjust brightness. There is sensor attached below monitor that manage the brightness as per your body distance.

Speaker is not good and to be honest you cant expect good speaker in this price range. After all i know you are going to attach exte..."
4.4,
4.4,
4.5,
4.7,
3.7,
3.7,
3.5,
4,Nice 👍
4.4,Good product but
4.4,nice
4.3,
4,
4.5,
4.5,
3.6,"Just today I brought this monitor . With the monitor I got that adaptor for power supply, hdmi cable etc. I registered at the samsung website for extended warranty offer also. Nice monitor with sleek design. It has PC mode and video mode. AMD sync and all is available if used only with AMD graphic cards. I recommend everyone for this monitor since you can read all websites and all clearly. I had used a 21.5 inch earlier, now wished the horizontal screen size could be a bit more, but still i..."
4,"Don't think so much just buy it . quality is very good 😊
Pictures Quality is amazing 😍.
27inch is amazing 😍"
4.8,Monitor is too good for working and entertainment. Even for gaming it has 75hz refresh rate.
4.8,
4,
3.3,
4.5,
4.5,
4.7,
4.4,
4.5,Amazing product with great picture quality .. and stylish Look
4.5,Fantastic product.this is the best from I think...superb build quality ..its looks like a gaming monitor
4.4,Excellent
3.3,
4.6,
4.6,"Good for the price with 10% discount.

Just a day of usage and it seems pretty good for the price. Colours and details are good. Blue light feature helps to reduce some eye strain.

Speakers are good but sound is low. No audio output available.

Overall satisfied..

Delivery was delayed by a day."
3.3,"Out of the box the monitor is good. General user can use the monitor with it's default settings. Pro user can calibrate it through well detailed osd menu for personal preference. If durability remains good, then this monitor is definitely recommended.
All accessories are provided. Nice packaging, and I'm not interested in its audio capability, so never checked. It's a good display, that's all."
4.5,"Very good monitor, looks bigger than my previous monitor as screen is very flat and without any borders. Packaging by seller was very nice. Assembling it was very easy took just 10 minutes. Happy with this monitor."
4.5,
4.1,
4.5,
4.5,
4.3,
4,
4.7,
4.7,"1 Own 3 of these and I must say.....Benq is best at display...Really gives you paperlike feeling at reading mode. Reading text was never so better..On the other hand, the IPS panel of this gives you incredible display with decent black levels that we are used to.
If you buy these you will feel style dropping off from these.Its beautiful ;)...Loving it.
PLEASE NOTE: THIS IS AUSTRALIAN IMPORT SO NO INDIAN POWER CABLE.........................."
4.7,"The monitor was worth an investment. The display is nice and the screen area cover is good too. I am yet to discover all the display features but the options of brightness to be set for reading, net surfing, etc is a good one. To customize brightness, etc is something which I don't see as of now."
3.3,"Giving review after 10 days. I am satisfied with this monitor. If you are looking for office work then its great choice. I bought this after reading review. Eye care technology is good. Whenever you go near the monitor sensor detects motion and will adjust brightness. There is sensor attached below monitor that manage the brightness as per your body distance.

Speaker is not good and to be honest you cant expect good speaker in this price range. After all i know you are going to attach exte..."
4.3,
4.3,
3.6,
4.2,
4.5,
4.5,
4.6,
4.1,"I bought this monitor after so much research of finding the best 24 inch IPS monitor. Here are the pros and cons.

Pros:
IPS screen provides better colour accuracy & wider viewing angle
3 side borderless screen provides that extra diagonal screen width unlike other monitors which provide 23.8 inch only instead of 24.
Better picture modes for different needs(Gaming, Cinema, Photo Editing etc)
Good refresh rate of 60 hz or 75 Hz with AMD freesync
Good Response time of 5ms


Cons:
Like every IP..."
4.6,"Monitor is great on its own but it wasn't a worthy upgrade for me or my expectations were more from it being an IPS display. I had a samsung monitor previously with VA panel and it was working perfectly. Never faced any issues. The colors were great but the vertical viewing angles were bad which again didn't matter so much. But I got tempted into buying an IPS display monitor after seeing it's features and reviews so I unnecessarily spent money on this.

Now comparing it to my 8 year old sams..."
4.6,"Good product at 9k range. Received in just 2 days during sale. The product price varies a lot, so wait for the right price. It has 2 HDMI ports and 1 VGA port. It comes with HDMI cable which is a plus point. It doesn't come with VGA cable, so if you only have a VGA input, then you will need to order the cable.

Very easy installation. Display is very good under normal conditions, but if there is bright sunlight coming through window etc. then display is not that good. It has pretty good brigh..."
4,
4.4,
4.1,
4.1,
4.6,
3.6,
4.4,
4.4,"If your are developer Great Choice.
Some positive point, screen is pretty wide along with 2 hdmi port which you can connect with your laptop and desktop at same time by switching mode.
1 audio out port. But no mic.
You can divide your screen into two or three part for simultaneous work."
4.6,Best deal on Flipkart.. Nice monitor perfect for work from home and trading....
4.2,"Finally, after many days of relentless hunt for a good 27"" monitors (and 2 returns) came upon a wide screen monitor.This was an unexpected surprise and totally worth the pricing. It's apt for multitasking , gaming and graphics.Also got to redeem my coins for further savings, thx Flipkart"
4.4,
4.4,
3.8,
4.1,
4.4,
4.4,
4,
3.2,High quality pictures and video.i am fully statisfid with this monitor. But listen it doesn't have any speaker like tv. Very low bit sound for notifications. Otherwise as compared to samsung and any other company it better in this price. I will also suggest you to buy this one . You have a big profit no wast of money.
4,Display quality is ok not like ips sharpness but deep black is better than ips and viewing angel is better than expected in this vA panel.
4,Amazing product base is metal and strong good clarity and looks good design can buy it worth
3.6,
4,
4.3,
4.3,
3.2,
4.1,
4.4,
4.4,"This monitor is just awesome. Amazing picture quality. I can do coding and watch anime's for whole day and night.
It is also good for eyes. No reflections at all. I was tired of my laptop screed because of the reflection in day light but this display does not reflects at all so i can work at day time as well.
Now i can watch anime's or do coding stuff without crying ( OK I cry sometimes but because of the anime's not because of display. Ahh anime's are great)
So if you are thinking of buying ..."
4,"After I read all the reviews and ratings, I decided to buy this monitor, Flipkart delivered this within 2 days, but received monitor has some display Quality and Clarity issue it could not be easily identify most of the people's, I realized the picture clarity is very poor when I compared with my 12 year old monitor so I totally disappointed, then I decided to return and refund request for this product, Flipkart customer support explained ""unable to get refund, can get only replacement"" so I ..."
4,"First of all I would like to thank Flipkart for the superfast delivery on the committed time.
The product is awesome. Very catchy. The best part of it is its price point.
Picture quality is awesome, viewing angles are great. Overall a great piece of electronics.
The bezel is smooth and has got a great finish, Samsung you did a great job.
I recommend this monitor for average gaming, photo processing. Watching movies
in this curved immersive monitor is a great experience."
4.5,
4.5,
3.2,
4,
4.3,
4.3,
4.3,
4.3,"I always prefer Dell product and buying that from Flipkart is amazing fast , reliable ....just grab one can be used as CCTV monitor D2020H VGA+ HDMI port also available."
4.3,"Good quality product size also good for home use and watching movies or alternative use of TV 19.5 it's really good size as compared to18.5


I have both size screen but 19.5 it's really good

Picture quality are not compared to laptop screen but overall it's good"
4.3,dell monitor best view picture quality
4,
3.7,
3.8,
4,
4.5,
4.5,
4.3,
4,"Product is good for the price but have mainly 2 downsides imo.
1. It has only one HDMI in port. There should have been atleast 2.
2. Picture quality is not that great.

Rest everything is good, loved the fact that we can tilt it right away without the need of any other arm/stand."
4.3,Awesome
4.4,Not yet used for more than 3 hours.but product is good
4.4,
4,
4,
4.5,
4.5,
4.7,
4.4,
3.9,Good
3.9,"Worth it ,Good HD monitor fully happy satisfied thank u flipkart"
3.5,"Good-quality at affordable price. Excellent picture quality. Packing was so good and on time delivery with in 2 days.
Package includes
1. Monitor 19 Inch
2. VGA Cable - HDMI port is available
3. Power Cable
4. Stand.

HD quality using for CCTv footage"
4.1,"The product is really good at this price. The color display is OK. Not of high quality but depending on the price of the product it is very good. Came with a VGA cable, has HDMI port, has a stand as well . The weight of the LED monitor is not very high. It's quite light weight product.

The delivery of Flipkart is really good. Well handled. It was a Open Box delivery and I checked the product in front of the delivery executive. He also recorded the session of unpacking.

Recommended for peopl..."
4.4,
4.4,
4.3,
4,
4.2,
4.2,
4.3,
4,"The price and the quality are at par and is a perfect combination. The display is great given the price, the design is great. Happy to order it. The question is how long is it's life. Need to see that. It has been 3 weeks since I ordered it."
4.4,"Great monitor under 15000 range, i purchased it for my office work

Some important points

1. It dont have inbuilt speakers
2. It come with 16A power plug, so either you need a high power socket for that or a converter

Otherwise good to buy"
4.5,"Honestly the most value for money monitor right now, with most of the other brands offering a 24inch monitor in this price bracket and the price increase in most of them i feel that this was a great deal at near 13k. Great monitor, good panel but the build quality could have been a little better"
4.5,
4.3,
4,
4.4,
4.4,
4.1,
4.3,
4.5,"Very Good Product. Good Packaging.
The Dell quality is there.
Decent display, viewing angle not so great( TN panel ). Sturdy stand. No wobbles.
Got HDMI and VGA cables with the monitor ( and the power cable of course )."
4.5,Its a very good product... Good build quality.. Both VGA input and HDMI input works perfect.. Its a good choice.. as we could even use it as a TV screen with the HDMI input.. Really satisfied with the monitor and the delivery of flipkart...
4.7,"4.5/5

Wow.. what a nice product
I ❤️ it.
SCREEN SIZE - Compact | True Screen
LOOKS like Amazing...So Nice product.. 🤩🤩

I recommended to buy this one.✅"
4,
4.3,
4.3,
3.2,
4.1,
4.5,
4.5,
4,"This is the good one which I have choose from many other in the market.
1. Color quality is pretty good. And its good also who is working with colors.
2. 24"" size is perfect for coding.
3. You can adjust the flip.

Lack:
1. Refresh Rate: If this is more then better for this monitor, Why because when you watch the movies/ videos you can clearly see the frame response.
2. Speaker: Good to have small mono speakers."
3.7,Best Product at this price point. I got a defective product before but the customer support service is too quick they processed my replacement after reviewing. Flipkart is Best using it from 6 years. Happy and Satisfied
4.3,It looks like LED TV display iam very happy about this product...and also delivery was fast thanks to Flipkart..
4.3,
4,
3.3,
4.3,
4.3,
4.7,
4.2,
4.8,"Best monitor in this price segment. It gives me feels like I am using a premium product like the Apple iMac retina display quality.
It is lightweight, super slim not only in Bazzel but also in the LED panel. Overall the performance till now is satisfactory. This is my one-month use experience. I am damm sure no brand will give you this kind of amazing product at this price.

I hope zebronics will provide flexible service at the doorstep if anything happens wrong with this product within the ..."
4.8,I will be honest its quiet descent for the price but i think my stand is a bit curved but over all it like nice and the picture quality us ok but nit high end 1080 and the speak is good for nothing.
3.3,"Nice design and looking good but there few cons

No HDMI cable in the box.
Resolution is not that great when connected via VGA cable.
Sound is not good from the monitor speaker.
Low quality power cable and aux cable
Cannot adjust the monitor height"
4.1,
4.1,
3.6,
4,
4.4,
4.4,
4.2,
4,The picture quality of this monitor is good and smooth can do upto 165 Hz refresh rate and no HDR 10 support only 1440p max resolution you can get with this product.
4.3,Nice for gaming and good product
4.3,Nice
3.2,
4,
4.5,
4.5,
3.6,
4.3,
4.1,
4.1,Color quality very very third class
3.8,Bad product
4,Very good👍👍👍👍👍👍👍👍👍👍👍👍👍 prodackte😇😇😇😇😇
4.4,
4.4,
4.5,"I bought this monitor after so much research of finding the best 24 inch IPS monitor. Here are the pros and cons.

Pros:
IPS screen provides better colour accuracy & wider viewing angle
3 side borderless screen provides that extra diagonal screen width unlike other monitors which provide 23.8 inch only instead of 24.
Better picture modes for different needs(Gaming, Cinema, Photo Editing etc)
Good refresh rate of 60 hz or 75 Hz with AMD freesync
Good Response time of 5ms


Cons:
Like every IP..."
4.7,"Monitor is great on its own but it wasn't a worthy upgrade for me or my expectations were more from it being an IPS display. I had a samsung monitor previously with VA panel and it was working perfectly. Never faced any issues. The colors were great but the vertical viewing angles were bad which again didn't matter so much. But I got tempted into buying an IPS display monitor after seeing it's features and reviews so I unnecessarily spent money on this.

Now comparing it to my 8 year old sams..."
3.7,"Good product at 9k range. Received in just 2 days during sale. The product price varies a lot, so wait for the right price. It has 2 HDMI ports and 1 VGA port. It comes with HDMI cable which is a plus point. It doesn't come with VGA cable, so if you only have a VGA input, then you will need to order the cable.

Very easy installation. Display is very good under normal conditions, but if there is bright sunlight coming through window etc. then display is not that good. It has pretty good brigh..."
3.7,
3.5,
4,
4.4,
4.4,
4.3,
4,
4.5,Excellent monitor for the price point. Works great with amd freesync tech. The power cable is a 15amp plug so be aware of that. Rest assured a great monitor for productivity purposes and for gaming also.
4.5,Best monitor in this price range.
3.6,"See guys if you are looking for a budget gaming monitor then absolutely this is the best one I recommend it

Iam giving it 4 stars because iam able to see the acer logo little faded when I turn on the monitor I don't know what's the problem

Apart from it the monitor is the bestest one in 10k just go for it

And I really don't know why the acer logo is little faded

My camera is unable to figure it out clearly but its faded"
4,
4.8,
4.8,
4,
3.3,
4.5,
4.5,
4.7,"1 Own 3 of these and I must say.....Benq is best at display...Really gives you paperlike feeling at reading mode. Reading text was never so better..On the other hand, the IPS panel of this gives you incredible display with decent black levels that we are used to.
If you buy these you will feel style dropping off from these.Its beautiful ;)...Loving it.
PLEASE NOTE: THIS IS AUSTRALIAN IMPORT SO NO INDIAN POWER CABLE.........................."
4.4,"The monitor was worth an investment. The display is nice and the screen area cover is good too. I am yet to discover all the display features but the options of brightness to be set for reading, net surfing, etc is a good one. To customize brightness, etc is something which I don't see as of now."
4.5,"Giving review after 10 days. I am satisfied with this monitor. If you are looking for office work then its great choice. I bought this after reading review. Eye care technology is good. Whenever you go near the monitor sensor detects motion and will adjust brightness. There is sensor attached below monitor that manage the brightness as per your body distance.

Speaker is not good and to be honest you cant expect good speaker in this price range. After all i know you are going to attach exte..."
4.5,
4.4,
3.3,
4.6,
4.6,
3.3,
4.5,
4.5,Looks very elegant and height adjustment feature is really useful. Worth a buy. Just wait for the right price. I got it for 12k in a sale.
4.1,"The images are sharp and vivid. I bought this monitor after a lot comparisons. It's the latest model released just 2 months ago in June 2022.
I liked the design of the stand.
Definitely value for money."
4.5,Excellent quality. Very useful for meeting and office work
4.5,
4.3,
4,
4.7,Awesome deal and beautiful product.
4.7,outstanding
4.7,good
3.3,Best Product With Best Delivery
4.3,"1 Own 3 of these and I must say.....Benq is best at display...Really gives you paperlike feeling at reading mode. Reading text was never so better..On the other hand, the IPS panel of this gives you incredible display with decent black levels that we are used to.
If you buy these you will feel style dropping off from these.Its beautiful ;)...Loving it.
PLEASE NOTE: THIS IS AUSTRALIAN IMPORT SO NO INDIAN POWER CABLE.........................."
4.3,"The monitor was worth an investment. The display is nice and the screen area cover is good too. I am yet to discover all the display features but the options of brightness to be set for reading, net surfing, etc is a good one. To customize brightness, etc is something which I don't see as of now."
3.6,"Giving review after 10 days. I am satisfied with this monitor. If you are looking for office work then its great choice. I bought this after reading review. Eye care technology is good. Whenever you go near the monitor sensor detects motion and will adjust brightness. There is sensor attached below monitor that manage the brightness as per your body distance.

Speaker is not good and to be honest you cant expect good speaker in this price range. After all i know you are going to attach exte..."
4.2,
4.5,
4.5,
4.6,
4.1,
4.6,
4.6,
4,"I have been keeping tabs on several 1440p monitors including this one. Briefly considered 24 inch 1440p offerings by Samsung, lenovo and Viewsonic but they all come with 60hz panels.

Coming from a 75 hz LG 1080p monitor this one feels like an awesome upgrade. Got a little overwhelmed by the size on the first day but the ergonomics on this monitor makes it a breeze. Very well built, G sync compatible and Amd freesync pro certified.

Got it on sale for INR 22,999 excluding bank offers during t..."
4.4,"Great Display!!
I was stuck between this and Gigabyte M27Q. But I bought this due to the clarity of text and ergonomics. For someone like me who does coding, content consumption and casual gaming this is an amazing monitor."
4.1,"This is one of the best 2K Gaming monitor that one can buy. I was looking for this monitor everywhere with no luck, But finally i found the last piece here and bought it instantly. Monitor is superb and it will give you a good bang for your buck, totally worth it !!.
Look no further go for it if you can find it somewhere..."
4.1,
4.6,
3.6,
4.4,
4.4,
4.6,
4.2,
4.4,"good product , sound need to be improved , sound is given by company but not useful. but all other things are vary good , i love this product in this range
it is actually lcd moniter with led backlight, when black. colour comes on screen it looks too darker like almoded display"
4.4,"I am writing this review after making fair and reasonable used the Monitor for 1 month.

The product quantity:
The Acer monitor is a good quality monitor. I am satisfied with the product. It is running fine till date. It is promptly delivered as described in the Flipkart. I say my sincere thanks to Acer Team and Flipkart team."
3.8,"Pros - Slim border line style. Lightweight & compact. 3 year acer warrantee

Cons- Too much LED backlight,Back light leaks too much.
Due to excessive LED backlight picture quality is whitissh.

Those who are used to use LCD monitor without backlight they will definitely make complaint.

I got replacement. But replacement was also had this quality issues.
In fact it is not manufacturing defect. It is design error.

Sad thing is that Flipkart avoided to give refund by giving false assurances
..."
4.1,
4.4,
4.4,
4,
3.2,
4,
4,
3.6,The monitor was pretty awesome after upgrading from a 60hz monitor to a 165hz . I tried csgo and valorant it was a pretty huge difference you can also feel the smoothness and the colour contrast was awesome as it has a IPS panel quite awesome deal it is
4,"This monitor is a eye candy for mid end gamers, I used a 18 inch (1366×768p) 60Hz monitor after using it for 3 years I upgraded to this and the feeling of 1080p 165Hz was insane, this is a perfect monitor for competitive gaming for such a less price, 1080p Full HD display is crystal clear with a buttery smoothness of 165Hz and a 0.5ms Response Time. It also have some extra features like HDR 10 and AMD Free Sync."
4.3,I don't know much as i used to have a 17 inch and 60 hz monitor but after buying this it feels like i have the smoothest PC in the world (i know there are better monitors and stuff but pretty good for a gamer ) but the speakers is kind of useless its sooo low in volume
4.3,
3.2,
4.1,
4.4,
4.4,
4,
4,
4.5,Product is very Interesting
4.5,Good
3.2,"Fantastic quality display.. I've wrote this review after 2 days use... With automatic settings.. Haven't tried any manual.. If Anyone have some idea to get better experience please tell me..
Liked it.. Thanks Flipkart, thanks MSI"
4,Excellent
4.3,Its very good for programmers and students.
4.3,"I ordered two monitors and these look good. You can trust specs of this device. Build quality is not like benq, that I used in past but in 8.5k you get the best value of money."
4.3,"Amazing monitor, totally worth the price, has a modern look and very thin bezels…colours are vibrant as well…delivered in just 2 days …loved it"
4.3,"It's a very good product has good clarity, adequate refresh rate and is pretty reasonable priced. I want to specifically mention that though this does not have height adjustment,but INCLUDES TILT ADJUSTMENT. Please check for screws in the cavity of the notch in the stand you are attaching to the back of the monitor.,( They are under a black tape sometimes) else everything is worth the money"
4.3,
4.3,
4,
3.7,
3.8,
4,
4.5,
4.5,I got it for an offer for 8400. This monitor has AMD Freesync technology tho it has not written here in the description. The monitor is really good and 75hz for this price is kinda nice too. The blacks look pitch black if you reduce the black in the settings. Overall I would say this is the best one under 10K for gaming and editing. Only thing that is disappointing is that i cannot adjust the stand.
4.3,Good monitor and gaming amd sync amazing 75 hz refresh rate good for home tv use and computer and Android TV thank u flipkart and acer
4,Pretty good quality. Bought for 8K. I got it replaced for the first delivery as monitor was defective. The second replacement delivery just arrived 3 business days. Acer support is fantastic. If you get any error while connecting to laptop just call acer and do the troubleshooting. The price on big billion days was 6.5k. So keep looking for deals.
4.3,
4.3,
3.6,
4,
4.4,
4.4,
4,
4,"I ordered two monitors and these look good. You can trust specs of this device. Build quality is not like benq, that I used in past but in 8.5k you get the best value of money."
4.5,"Amazing monitor, totally worth the price, has a modern look and very thin bezels…colours are vibrant as well…delivered in just 2 days …loved it"
3.9,"It's a very good product has good clarity, adequate refresh rate and is pretty reasonable priced. I want to specifically mention that though this does not have height adjustment,but INCLUDES TILT ADJUSTMENT. Please check for screws in the cavity of the notch in the stand you are attaching to the back of the monitor.,( They are under a black tape sometimes) else everything is worth the money"
3.9,
3.5,
4.1,
4.4,
4.4,
4.3,
4,
4.2,"Monitor is good under this tight budget It have 1Hdmi and 1VGA port in back, supports 60hz screen atleast it should be 75hz screen. But I think I got a defective piece Becuase in the bottom of the screen There was 2 black dot appearing 😔😔 very disappointed 😞 but it is in bottom part so it will not reflect in the eyes of people and it is written LED monitor but it's looks like LCD monitor Becuase when I am Viewing it from different different angles the colours is changing in LED monitor, vi..."
4.2,Not bad at this price range.
4.3,"I was Bit sceptical but ...... after purchasing.

Just go for it"
4,
4.4,
4.4,
3.2,
4,
4.5,
4.5,
4.3,High quality pictures and video.i am fully statisfid with this monitor. But listen it doesn't have any speaker like tv. Very low bit sound for notifications. Otherwise as compared to samsung and any other company it better in this price. I will also suggest you to buy this one . You have a big profit no wast of money.
4,Display quality is ok not like ips sharpness but deep black is better than ips and viewing angel is better than expected in this vA panel.
4.4,Amazing product base is metal and strong good clarity and looks good design can buy it worth
4.5,
4.5,
4.7,
4,
4.3,
4.3,
3.2,
4.1,"At first i got a damaged product but flipkart was fast in arranging a replacement.
The replacement effort really increased my faith in online purchases.
Thank you flipkart.

Monitor is good at this price.
You can see some pixelation of text but images look fine.
If you are looking for a big screen at a low price and ready to compromise a little on text quality go for it."
4.5,"Great picture Quality!!! satisfying all my needs like in work, entertainment and gaming !!👍
Pros:
1.Quality of display colours, PPi everything is great for it's price
2.Matt finish display is great and 75Hz is more than enough for all kind of tasks! If ur not a hard core gamer!!

Cons:
1.only one HDMI port I wish there would be 2 HDMI ports in future models"
4.5,Decent products in this range ...it upto 75 Harz best va pannel good monitor vga hbmi port also available
4,
3.7,
4.3,
4.3,
4,
3.3,
4.3,
4.3,Nice monitor from acer. I love it.. Slim and white color gives rich look to the monitor.
4.7,"Superb experience worth buying, thanks Flipkart.
Packaging of the LED is very good.
Highly recommend for Full-HD video editing as well as gaming of 1920x080p resolution.
Frame rate - 75Hz
Power consumption - 22Watts
Screen - Matt finish
Glassy White body gives awesome finish.
Best value product.
Also got in box
- HDMI & VGA Cables

Finally can say.

👍 Awesome 👍"
4.2,This is amazing i just got it in very nice price...design is so slim and good for eye sight...it comes with blue light filter which protect your eyes and picture quality is great at this price point you get a full hd display...and i am love with it..i am using this with my laptop.you can definately go for it.
4.8,
4.8,
3.3,
4.1,
4.4,
4.4,
4.2,
4,"The monitor is beautiful in design and it comes with inbuilt 2 units of 2w speaker at back.The built quality is also good. The screen quality is best.... And it comes with inbuilt system settings and you are able to change the settings according to your demand.I played a 4k video in this monitor, and it plays in smoothly without no flickering, because of it's AMD Radeon Syncing feature. None of the company's monitor is giving these specifications at this price.So, if you want to do light gami..."
4.3,"Good One, loved it... ❤️"
4.3,Best on this price point. Display is great but speaker's sound is quite low.
3.2,
4,
4.5,
4.5,
3.6,
4.3,
4.1,
4.1,High quality pictures and video.i am fully statisfid with this monitor. But listen it doesn't have any speaker like tv. Very low bit sound for notifications. Otherwise as compared to samsung and any other company it better in this price. I will also suggest you to buy this one . You have a big profit no wast of money.
3.8,Display quality is ok not like ips sharpness but deep black is better than ips and viewing angel is better than expected in this vA panel.
4,Amazing product base is metal and strong good clarity and looks good design can buy it worth
4.4,
4.4,
4.5,
4.7,
3.7,
3.7,
3.5,
4,"This monitor is just awesome. Amazing picture quality. I can do coding and watch anime's for whole day and night.
It is also good for eyes. No reflections at all. I was tired of my laptop screed because of the reflection in day light but this display does not reflects at all so i can work at day time as well.
Now i can watch anime's or do coding stuff without crying ( OK I cry sometimes but because of the anime's not because of display. Ahh anime's are great)
So if you are thinking of buying ..."
4.4,"After I read all the reviews and ratings, I decided to buy this monitor, Flipkart delivered this within 2 days, but received monitor has some display Quality and Clarity issue it could not be easily identify most of the people's, I realized the picture clarity is very poor when I compared with my 12 year old monitor so I totally disappointed, then I decided to return and refund request for this product, Flipkart customer support explained ""unable to get refund, can get only replacement"" so I ..."
4.4,"First of all I would like to thank Flipkart for the superfast delivery on the committed time.
The product is awesome. Very catchy. The best part of it is its price point.
Picture quality is awesome, viewing angles are great. Overall a great piece of electronics.
The bezel is smooth and has got a great finish, Samsung you did a great job.
I recommend this monitor for average gaming, photo processing. Watching movies
in this curved immersive monitor is a great experience."
4.3,
4,
4.5,
4.5,
3.6,
4,
4.8,
4.8,"At first i got a damaged product but flipkart was fast in arranging a replacement.
The replacement effort really increased my faith in online purchases.
Thank you flipkart.

Monitor is good at this price.
You can see some pixelation of text but images look fine.
If you are looking for a big screen at a low price and ready to compromise a little on text quality go for it."
4,"Great picture Quality!!! satisfying all my needs like in work, entertainment and gaming !!👍
Pros:
1.Quality of display colours, PPi everything is great for it's price
2.Matt finish display is great and 75Hz is more than enough for all kind of tasks! If ur not a hard core gamer!!

Cons:
1.only one HDMI port I wish there would be 2 HDMI ports in future models"
3.3,Decent products in this range ...it upto 75 Harz best va pannel good monitor vga hbmi port also available
4.5,
4.5,
4.7,
4.4,
4.5,
4.5,
4.4,
3.3,"1 Own 3 of these and I must say.....Benq is best at display...Really gives you paperlike feeling at reading mode. Reading text was never so better..On the other hand, the IPS panel of this gives you incredible display with decent black levels that we are used to.
If you buy these you will feel style dropping off from these.Its beautiful ;)...Loving it.
PLEASE NOTE: THIS IS AUSTRALIAN IMPORT SO NO INDIAN POWER CABLE.........................."
4.6,"The monitor was worth an investment. The display is nice and the screen area cover is good too. I am yet to discover all the display features but the options of brightness to be set for reading, net surfing, etc is a good one. To customize brightness, etc is something which I don't see as of now."
4.6,"Giving review after 10 days. I am satisfied with this monitor. If you are looking for office work then its great choice. I bought this after reading review. Eye care technology is good. Whenever you go near the monitor sensor detects motion and will adjust brightness. There is sensor attached below monitor that manage the brightness as per your body distance.

Speaker is not good and to be honest you cant expect good speaker in this price range. After all i know you are going to attach exte..."
3.3,
4.5,
4.5,
4.1,
4.5,
4.5,
4.3,
4,Nice 👍
4.7,Good product but
4.7,nice
4.7,
3.3,
4.3,
4.3,
3.6,"Just today I brought this monitor . With the monitor I got that adaptor for power supply, hdmi cable etc. I registered at the samsung website for extended warranty offer also. Nice monitor with sleek design. It has PC mode and video mode. AMD sync and all is available if used only with AMD graphic cards. I recommend everyone for this monitor since you can read all websites and all clearly. I had used a 21.5 inch earlier, now wished the horizontal screen size could be a bit more, but still i..."
4.2,"Don't think so much just buy it . quality is very good 😊
Pictures Quality is amazing 😍.
27inch is amazing 😍"
4.5,Monitor is too good for working and entertainment. Even for gaming it has 75hz refresh rate.
4.5,
4.6,
4.1,
4.6,
4.6,
4,
4.4,
4.1,Amazing product with great picture quality .. and stylish Look
