stars,complete_review
3.9,Well product is good as we all know canon printer are the best as compared to others. And if you want to buy this product it will be good but be sure that the ink used is only pG-47 and CL-57 that is specific for it.. and the cost of this ink cartridge is heigh .. it gives only 250 pages for black and white and aroun180-200 coloured. And the scanning speed is bit slow as compared to other canon printer. It is best for personal use only.
3.9,"Purchased this canon E-3370 printer a couple of days back. The printer seems good though cant fully judge in 2 days. The installation is very easy and simple. Was able to set it with computer thru USB and wifi access thru mobile and laptop, all in about 20 minutes. The feedback by some that the wifi settings was very difficult, is totally wrong and misleading. There is a "" link symbol "" button. Press it for bout 3 seconds. When it blinks, try to connect with the laptop. The printer optio..."
4.3,"Okay for general home use. Set up and usage is easy. Guidance at every step is available. I'm yet to test the longevity of the ink cartridges. Printing speed is slow (as expected). For the first print, the machine takes a minute or two to prepare itself. Overall, I'm reasonably happy so far. It's not a wow product, but a product that gets you by your occasional needs."
4,
3.6,
3.6,
3.8,
4,
3.7,
3.7,
3.6,"Best printer in this price and people who wants to print with this printer with your android can print... Just follow these steps:
1. Download canon print service
2. Then, download nokoprint app.
3. Now, open the nokoprint app and then select usb otg connected printer(for this your phone must have support of usb otg).
4. Now, connect printer and use generic option.
5. Now enjoy your printing......."
4,"I have printed more than 500 + copies . work very fast and aqurat .

I have seen such a good quality and cheep price with Brand ."
3.8,"Good printer at affordable rate. Good quality printing. Sometime I faced issue at connecting with my phone but overall a very good product a student should own. It would have been nice if ports for pen drive are available/usb port to directly connect mobile instead of using OTG cable . But considering quality, performance of machine it's a good product. Printing per page price I feel could have less for a student like me who takes many print at a time. This printer is perfect for home use..."
3.8,
3.9,
4.3,
4.3,
4.3,
4.1,
4.1,
4.3,"Very nice printer, is worth the purchase. Ideal for Home printing but the black cartridge prints hardly 100 Pages and same with Color cartridge.The cartridge price is costly so I suggest you to Buy GoColor Canon compatible ink's each bottle is of 100 ML and you will find that there's is difference between Original and GoColor ink's. You can refill the cartridge at home in the kit you get everything just watch a video on YouTube and you will save you 96% Printing cost. I have done the same thi..."
4.3,super Good delivery and canon printer is Good Quality.... value of money.. best product..
4.1,"nice product
I am a student I ordered this for my work I don't have a computer or a laptop I only have Android phones so I ordered that and now I print the worksheet from this printer very nice printer"
4.1,
4.2,
4.2,
3.8,
4,
4.4,
4.4,
4.2,Awesome product fast printing and scanning is also good and it is easy to setup but it is not wireless otherwise awesome
4.2,Ink cartridge provided with it could not print even 60 black prints had to buy a refill ink .So if you have thought to buy remember to include the cost of the ink as well as the ink won't last long well the print quality is appreciable and good enough for home use .
4.2,Excellent .. printer Hp desk jet 2331 . And you can must buy it 😉.. i am really happy to my new printer..i think best low range best printer Hp .. Thanks and Thanks for Flipkart customer support ..
4.2,
3.8,
4.2,
4,
4,
3.7,
4.2,
3.7,The printer is super thank you Flipkart for selling better price 😃😃😃
3.7,Nice
3.9,"I take this for my study purposes....printer is marvelous fast printing,good quality of printing, easyl connect with phone wifi,..."
4.5,
4.2,
4.2,
4.1,
4.3,
4.3,
4.3,
4.2,Nice Product
3.6,Super working and easy to wifi connection to print out the photos n Xerox am using 15days after I give the am bust it's same to l3150 modal bust quality
4.3,Good printer for home and office uses.
4.3,
3.7,
4.2,
4.1,
4.1,
4,
4.4,
4.3,"Great printer from HP. Excellent quality low cost printing. A Must buy product. Efficient usage of ink too.
I have printed 40+ photo prints on photo paper and 100+ a4 paper prints still only 2-3% of ink is utilised."
4.3,"I have brother dcp t300, epson L130, 220 & 360 and now I own hp 315, gud printer no doubt but out of my five inktanks best till date is epson L360. Although hp a bit economical in terms of more printing with a set of 4 ink bottles but an advantage of epson is it can hold 50 bond papers (100gm) in single shot but U can put only 10 bond paper in hp315 in one time plus epson L360 is speedy. I am saying this because I am printing 15000 prints per year with these ink tank printers, anyone have qu..."
3.8,it's very nice products
4.2,
3.8,
3.8,
4.1,
4.2,
3.7,
3.7,
3.4,"Canon G3012 is the same as G3010 but with two extra black bottles of ink. So, this review is applicable for both the models. The flipkart delivery was on time and packing was satisfactory. Coming to the Printer.... The setup of easy. I was waiting for the Canon guy to come and install but then I decided to install it myself. Took me 15 mins to install. The print quality is satisfactory. Wireless printing setup was a bit typical but is a one time hassle. I took out some b/w and colour prints ..."
3.9,"Very Nice Product
Printer is fast and smooth colours are good in compare to other printers in the market
The big plus point of buying Canon printers that they have seprate individual cartage for black and colour ink so it saves money while servicing of the product and Extra black ink bottels are also a big advantage."
4.1,"Superb printer. Easy to install. During this Covid 19 scenario, we were reluctant to do the installation by someone else. I was wondering whether I could do it by myself. But I did it at ease. Almost a plug and play time. Only cartridge to be inserted and inks to be filled, the rest is well taken care of by the printer itself. I tried photo printing, colour printing and b/w printing. I am really impressed. Photo printing I need to purchase glossy paper I think for better effect. The price is ..."
4.1,
3.8,
4.3,
3.7,
3.7,
3.5,
3.8,
4.1,"Photo quality is not as expected. But it is satisfactory for normal printing and taking photocopies.

Cheap plastic is used as holder for holding the printed paper. Other brands (which are not expensive as this one) seems to have better quality for the same. The rest parts of printer seems to be of good quality.

There is a lot of noise while printing is in process.

When I checked the warranty for the printer in HP site after I received the printer, it was only showing less than 11 months wa..."
4.1,"Wonderful . Easy set up & wireless connectivity .
Looks beautiful. I like the design .
But one thing I would like to mention - Little slow while printing ."
3.8,"One of the best printer in this price range
And specially wifi printing is very helpful it’s totally wireless and ink filling technology is best in class as compared to other"
4.3,
3.6,
3.6,
4.1,
4.2,
4.3,
3.6,
3.6,"Best Printer
I love it"
3.9,Good
4,Spped like a laser printer good quality
4.3,
4.3,
3.6,
4.2,
3.9,
4.1,
4.1,
4.1,"It has all the facilities to eliminate too many wires & good wireless wifi connection, scanning & printing.
Very good printer worth every pie invested on it. Had discount offer quick free delivery 3 days shorter than Amazon."
3.5,"Honest review:-
- Unable to setup with Windows 7, so little disappointed but easy to connect with Android.
- Printing quality very good.
- No proper user manual given.

Edit after 6 months-
- Having probelem in connecting it to mobile.
- Can't print anything. Only Xerox is working properly.
- Would not recommend hp. Go for other brand."
4.2,"Excellent Product
.."
4.1,
4.1,
3.8,
4.1,
4.2,
4.2,
3.8,
4.3,"VFM product...built quality is good...printer looks sturdy will at least last 4/5 years...connectivity is good...
for MAC and IOS you will have to use brother’s iPrint&Scan software...I have tried using the drivers/software available in site but still I am not able to print directly from applications....in Mac or IPhone you cannot print from ms word or excel or PowerPoint directly....you will have to save the file as pdf or image and then use iPrint&Scan software...(if anyone has done it plea..."
3.6,"First brother don't offer free installation for online purchases(only telephonic assistance) which does not justify customer values. Although installation is easy.
After connecting to my pc with USB and wifi it prints slowly: but after installation of brother drivers it works very fast(but not as fast as cartridge inkjet printers). One more thing I notice is that color print is much faster than monochrome print. Photo prints are very nice.
Problem. I have face is black is not bla..."
3.6,"Amazing printer for the price offered. Love the print quality, it can print in eco mode, normal and even fine photo quality print. It has the all in one functionality of scan, copy and print. These ink tank printers are very economical for home and office use. Also since Brother printers are designed in Japan, you can definitely trust them."
4.1,
4,
4.1,
4.1,
4.1,
4,
4.3,
4.2,"< Excellent >
Just go for it if you need a printer for home use and small shops.
•Little bit noise but we can't say noisy.
•Excellent product from HP.
•Manual Duplex printing is available and is also easy.
•Its scanning quality is better than other brand printers.
•Printing is very neat and clean & each and every single word is clearly visible.
•The ink bottles are spill-proof so you can fill ink without any worry.
•Installation is very easy and I have installed this printer by myself.
•..."
4.2,"I bought this printer on 29-09-2019, I installed the printer of myself - ink filling was easy as the ink bottles are spill protected, but I took 10 minutes to connect it wirelessly with my I pad ..any way after got connected it was effortless to print from my I pad. ink consumption found to be very less . Connected with my windows pc and I printed my daughter's class 11'th std readers (4 nos each 320-360 pages- total of 1300 pages) using the odd and even nos. programmed cycle to print on both..."
3.8,Nice product but delivery of the product not on scheduled time without genuine reason. After taking continuos follow up from flipkart then product arrived. Highly unsattisfied with delivery of product.But fully satisfied with printer after using it.
4.3,
4,
4,
3.7,
3.8,
4.2,
4.2,
4.2,"👍Epson Printer is very economical and useful for home and office.
🤙Copy print speed is normal , compared to lesser print
👌But copy print quality is nice and best
👍👌Color copy print is to good.

&&&&&
🤝thanks for best delivery service of flipcart......"
3.8,"Always wanted a good printer in my budget, and I get it. Epson provides very good printer in very less price. Thank you so much Epson, The seller & Flipkart 🥰🥰🥰😇😇😇😇."
4.2,Superb Product with Superb Command Sensation & Clear & Fantastic Printout
4.2,
4.5,
4,
4.7,
4.7,
4.2,
3.7,
4.4,No software cd provided hence especially WiFi direct with laptop software setup is complicated. It took 2 days to understand me. Anyway printer is working Fine in all functions such as wireless / usb / Wi-Fi Direct set-up. Wireless scanning/ printing both by mobile and laptop is also tested and working. I must say company should provide software cd so that anyone can install it easily. HP says that install it through HP smart which is not easy.
4.4,HP smart app and plugin app takes time to install. but once installed makes printing easier. scan to print also works like a charm. Has some noise while printing - just like any other inkjet printers. Printing is fast for a inkjet printer. Good choice for home printing where 2-3 members in a family need printout on a regular basis
4.3,Awesome product with easy setup
4.3,
3.7,
4.3,
4.2,
4.2,
4.2,
4,
4.4,Good product very fast printing and very good clearly. Purchased in good offer thank you Flipcart and HDFC.
4.4,"Great product and very easy to operate. And also have toner saving option. Which helps in commercial printing. That saves alot of toner. And very small, which is easy to fit in small area.
But the only issue is, only A4 size papers only fit exactly in paper tray. I expected little more big and fit more size papers. But not.
If you are looking for only A4 paper printing. This is best one."
4.3,"My First impression looking at printer that is little big and heavy
The printing speed is very fast and the quality is also superb
Command from pc to printer takes around 10-20 secs but once received does its job perfectly.
Handle both side printing automatically

Perfect for medium scale business where lot of pages need to be printed in less time.
If dont require scanner than cheaper version of same company is available.
Better than HP or other brands as it provides 30 pm and cost per page i..."
4.3,
3.7,
4.3,
4.2,
4.2,
4.2,
4,
4.3,I liked the quality of the printer and the scanner. The only thing that's quite troublesome is linking the device with android and it's set up. It would take a little time. We need to watch videos if first time user. Otherwise the scan is nice as well as print. Thank you!
4.3,"Easy setup and connect to wifi easily. You can print from any device connected to same wifi network. You need to download one HP mobile app to configure hp setting and print colour quality.

Who should buy this - someone looking for budget printing with scan option. It does come with color and black ink cartridge. I have reduced the color printing quality using the app and I have already printed more than 90 pages. Without any device, you can make photo copy like Xerox/photocopy machine. Jus..."
3.5,The worst product I had ever bought in my life.. plss don't buy it .. it's printing price is so high that you have to sold your whole property to print out of 500 pages.. believe me I have printed only 42 pages both side black and white and just only 8 pages colour printout only in single side and the cartridges are empty.. my expectations and reality defer too much after I bought it .. now I am writing the review on 11th Dec after my ink cartridges are empty and I have got the delivery on 5t...
4,
3.8,
4.3,
4.3,
4.3,
4,
3.5,
4.3,"Nice product quality is good printing was little bit slow but the performance was soo good and copy ,scan was too good and it was fast"
4.3,"Good model. Does its job well and the ink lasts long. Print quality as per industry standards, color reproduction is ok. This printer is not for photo prints so cannot expect a great performance in that section. For documents it's perfect. The auto doc. feeder is a addition but I feel they could have kept it as an optional attachment, as for those who do not need it, for them it just makes the printer bulkier!"
4.1,Connectivity issue. Not a seamless connection or printing wirelessly. Printing is slow even in black and white. Expected a better product from HP. One will get irritated while printing via wifi. Mobile printing sucks. The app is very confusing and irritating. Ink finishes like anything even the black ink. Auto document feeder does not work properly and copies blank pages. Paper tray problem happens most of the times. Don't buy it. Please.
3.6,
4.2,
4.2,
3.7,
4.1,
3.7,
4.2,
4.3,Best printer in this range. Amazing 😍🤩 I am superb happy ❤
4.3,Awesome product as always.. good wifi connection.. good print quality.. Hp is the best
4,"Super Printer, it is worth buying and I got it for very cheap, if you want u can buy this and really it is good and easy to use"
4,
3.5,
4.2,
4.1,
4.1,
3.8,
3.9,
3.9,It's Good and best for home and small office work and. Thanks for your Fast and safe delivery
3.9,It’s very easy to use and nyc product colour print is very good and the printer is very nice working properly
3.8,VERY VERY NICE 👍👍 AND VERY GOOD PRINT QUALITY 👌👌👌👌 VERY FAST SCANN AND COPY AND FAST PRINT
4.3,
4.2,
4.2,
3.8,
3.9,
3.6,
3.6,
3.5,"Received it with in 2 days , easy installation and connectivity is very easy using USB and even with wifi , printing speed is very fast .. very good printer for office use.."
4.3,Really worth for money. Packing was so good and clean. All process is working fine as per they mentioned. I will suggest everyone to buy this for normal use.
4.4,Best product works more fast package very bad
4.4,
4,
4.2,
4.2,
4.2,
3.8,
4.3,
4,"Product is not good. It doesn't print page as it says. Only after printing 10 pages ink got finished. I have to buy a new cartridge. Not a good product. I won't recommend it, save your money."
4,Overall nice printer for less usage work
3.3,Very beautiful and workable printer love it....
4,
4.4,
4.4,
3.7,
4.2,
4.3,
4.3,
3.7,very good product and very good work PVC CARD PRINT DEKHE MERA CHANNEL YOUTUBE PAR PURA PROSSES PVC K LIYE TECH EG WERK
4.2,Very nice
3.8,One of the best pvc printer
4.3,
4.2,
4.2,
3.5,
4.2,
4.4,
4.4,
3.8,"good one with this price range and printing is really easy. package comes with S-size cartilage, i used to take 4*6 photo prints , i got good prints with glossy papers, and ink is bit costly, n i didn't met with the number of prints that company promises with cartilage sizes... if yu r going to take more prints then go for refillable cartilage printers.. its a good one too !"
4.2,Printer is good especially fir black and white. color printing is not tht great. perfect for children project completion etc. sample cartridge gets over quickly. connection to mobile is also good. Good printer for quick mobile phone printing.
4.2,It work well but my printer doesn't support well with my laptop or phone it doesn't connect well in wireless feature and I bought this printer because it's wireless feature and which isn't working or I have tried all the connection guidelines but it doesn't work with app or also website. But it print well but has high expensive of its own ink.
4.4,
4.8,
4.3,
4.3,
4.5,
4.6,
4.3,
4.3,Its a genuine product. Don't look much or else you will get confused. It comes with 3 big black ink bottles and 3 colour bottles. The Wifi variant of this printer comes with same specifications and costs around 3-4k more. What I think is that theres no need of paying 3-4k extra for wifi as you can print the same using otg from your mobile device. Otg costs only 199. Dont listen to the negative comments as some products may have manufacturing defects but that doesn't makes all products bad. Ca...
4.3,Printer is very good and printing speed is good for home use nd office use easy to install and good printing ink and I recommend to purchase online because offline shop's were not give offers
4.1,"Printer is Very good, Excellent Functions, Easy to use, Print quality is awesome . Scan quality is average. Ink are very costly. not described about warranty. Printing speed is good. simple installation procedure."
3.6,
3.6,
4.1,
4,
3.9,
3.9,
4.5,
3.9,Good
4.5,Excellent
4.5,Good
4.1,
3.7,
3.9,
3.9,
3.7,
4.1,
4,
4.2,"It works fine

Pros. :-

Budget printer (9850/-)
Id copy available
Manual duplex available
1 sheet external tray
Print quality nice
Color print speed - 7-8ppm
Sca option works gr8
Paper tray can have 150 sheet at a time

Cons :-

# The original ink of brother is very hard to find (especially in india )- other inks may damage the toner , so stay aware
# No wifi ( if u need go for upper model with 2k more bucks )
# it catches dust very soon .. I'd recommend to buy a cover

That's it .. it do m..."
4.1,"best printer

don't trust negative comments printer is awesome like Epson l 805 photo printing
photo printing is much more better than other printers in this price
you get in Epson l805 and brother DCP t220 same quality photo printing"
4.1,Printer is ok bt if u xerox I card then it only print colour xerox not BW....so think b4 buy....bt the scanner is super fast scanning...and most important the ink bottle is very small 48ml only....canon give 70 ml 22 ml more...both side print is most difficult in this printer ...so i personnely suggest that dont buy or u will regrate later
4.5,
3.3,
3.7,
4.3,
4.5,
4.5,
3.7,
4.3,✍️It's very easy to use with wounderful printings. There are no deference between hp 419 and hp 319 without wifi connection. So if you want to buy a wonderful printer then it's here but always remember it's not a fast printer. Thank you 🙏
4.1,"Pros:
1. Fast delivery.
2. Product packaging is really good.
3. Installation is very simple and step by step process is given.
4. Unlike what I have seen in other reviews, it did come with 3 HP GT52 color bottles and 2 HP GT51XL black bottles.
5. Print quality is good and color reproduction is satisfactory.

Cons:
1. Color printing is super slow and if you have regular color printing requirements of multiple pages, DON'T buy this one or any inkjet printer."
4.1,I am happy and satisfied with the product and people are talking about the printer is slow but i did not find any issue. Printer is fast not slow. And print quality is good. Easy to use.
3.3,
4.3,
3.9,
3.9,
3.9,
4.2,
3.9,
3.9,Cartridge is finished after 10 print and there is a lot of problem in paper setting and most of the time wifi not available.. Pathetic product I purchase with no return policy.. I m really disappoint with flipkart.. I will never buy any big purchase from flipkart... Worst experience ever faced.
4.3,"The quality of the product was good
And everything was ok but the ink yield was very low and it costs higher and the hp smart app was not at all working
After I0 pages of print the ink was over"
4,Geniune product of Hp
3.6,
3.6,
3.8,
4,
3.7,
3.7,
3.6,
4,"It works fine

Pros. :-

Budget printer (9850/-)
Id copy available
Manual duplex available
1 sheet external tray
Print quality nice
Color print speed - 7-8ppm
Sca option works gr8
Paper tray can have 150 sheet at a time

Cons :-

# The original ink of brother is very hard to find (especially in india )- other inks may damage the toner , so stay aware
# No wifi ( if u need go for upper model with 2k more bucks )
# it catches dust very soon .. I'd recommend to buy a cover

That's it .. it do m..."
3.8,"best printer

don't trust negative comments printer is awesome like Epson l 805 photo printing
photo printing is much more better than other printers in this price
you get in Epson l805 and brother DCP t220 same quality photo printing"
3.8,Printer is ok bt if u xerox I card then it only print colour xerox not BW....so think b4 buy....bt the scanner is super fast scanning...and most important the ink bottle is very small 48ml only....canon give 70 ml 22 ml more...both side print is most difficult in this printer ...so i personnely suggest that dont buy or u will regrate later
3.9,
4.3,
4.3,
4.3,
4.1,
4.1,
4.3,
4.3,"Let's go step by step.

1. The order was received in about 12 hours in perfect condition and good sturdy packaging. Seller HappyGoLucky.
2. The product took about 10 minutes to unpack and connect to the system.
3. Installation couldn't happen using provided CD as the software version was old. My Mac didn't accept it. However the driver is available on HP website.
I strongly recommend installing the driver from HP website. The drivers installed on simply connecting the printer are basic printe..."
4.1,"been using MFP {Multi Function Printer} for about month now and i am not a heavy user, i usualy print upto 8-10 pages a day, and it works well.
pro's:-
1] good build
2] easy to operate
3] print cost is acceptable {according to my usage}
4] wireless printing works like a charm {i am working it from both my laptop and smartphone}

con's:-
1] startup time is a bit more
2] noisy operation
3] power consumption is more
4] quality of scanner cower can be improved
5] tonner provided is a demo one, s..."
4.1,"No words....Tremendous...!!! Thank to Flipkart... 😊

✅ Deliver on Time

✅ Value for Money

✅ Nice Product From HP

✅ No other Buy... Only HP 126nw

✅ Good Handling of Goods by Flipkart Delivery Team

✅ On time delivery

✅ Finally get the right choice to buy as a 126nw.. 😊 👍"
4.2,
4.2,
3.8,
4,
4.4,
4.4,
4.2,
4.2,"printing is fast and quality of printing is absolutely good.
low maintenance and low cost printer. supports color and black white scanning as well with clear pixels. easy to understand with the manuals come along with the printer.."
4.2,Very Good product
4.2,This is a very best item..
3.8,
4.2,
4,
4,
3.7,
4.2,
3.7,
3.7,great printer for home use. you can print photos and color stuff also everything with great details. lightweight and easily portable. no separate driver need to be installed. compatible with Windows 10.
3.9,Superb 👌👌😍😍
4.5,"amazing printer efficiency, impressive printing speed black n white takes only a second and color within 15 secs"
4.2,
4.2,
4.1,
4.3,
4.3,
4.3,
4.2,
3.6,Very good Value for Money. Print quality really good.. Tried some photos prints on high gloss papers.. excellent results... Very Economical for regular office use too.. Especially Small offices.. Perfect for home-personal use.. Power Pact performance in a compact machine.. Only One Con.. U need to get ur hands dirty while refilling the ink tank.. But at the same time it's very simple with no big deal.. Overall a good product and excellent delivery service and pricing on Flipkart..
4.3,good printer for printing document.photo print quality not good. also work with your android mobile.download printershare premium app from play store and enjoy printing. only need to purchase otg cable from market.with 70 ml bottle you print 1200 page which is much less than company promise
4.3,"After 3 months' use of this printer, I can say that it is worth to purchase this product based on your requirement.
Pros - cost of printing is really less, till now, 500+ pages combination of color and b&w printed on supplied cartridge along with Printer
Cons - for back to back printing, you have to print one by one - fine to me to sacrifice 1-2 min for 10 pages' back to back printing
Speed of printing - reasonable (upper side)"
3.7,
4.2,
4.1,
4.1,
3.9,
4.4,
4.3,
4.3,Very nice printer and delivery boy
3.8,It's really expensive and don't buy it because you have to buy a toner every time the ink runs out there is no option of refilling it so just avoid buying if you are looking for long lasting printers with no ink problems
4.2,"Good porduct but some parts are very delicate, value for worth."
3.8,
3.8,
4.1,
4.2,
3.7,
3.7,
3.4,
3.9,I have been using this printer for the last 13 years and still going on without any issues. It has already covered 50k pages and the only thing what I have to do is to refill and go. I have recommended this printer to all my friends and many of them are using this unit. The cartridge gives about 1500 plus pages and there is no chips to count the number of pages printed. Hence the is no need to reset the printer as other newer versions. The compatible cartridges are available as low as 300 buc...
4.1,the best printer in laser printer and the best build quality and original and full clear printing this is work a long time period for home and office use and not any issues in regular usage thank you flipcart to provide me genuine product and comfortable price
4.1,"The best single function printer it is similar to hp 1020 plus. Best use for project work for students, offices and shops.
No colour,
No scanner
No WiFi
No network connection only USB
Single colour black
No more function for no more complications"
3.8,
4.3,
3.7,
3.7,
3.5,
3.8,
4.1,
4.1,"searched on Internet ...
asked from real time users but none able to solve this puzzle for me however i reached a conclusion for this printer ... value for money ...

it cost less then 20p per page print moreover contains 2 bottle of ink in a starter pack which is enough for first 6000+ pages ...
print speed and quality is not as good as laser but decent enough...
great difference in power consumption as this one is rated just 16W against 360W for laser...

LAN has great usage ... specially i..."
3.8,"Loved the printer, takes a little time is getting ready but after that it is just great.

If you need to print a lot, this is the product, good value for money."
4.3,Good
3.6,
3.6,
4.1,
4.2,
4.3,
3.6,
3.6,
3.9,I have been using this printer for the last 13 years and still going on without any issues. It has already covered 50k pages and the only thing what I have to do is to refill and go. I have recommended this printer to all my friends and many of them are using this unit. The cartridge gives about 1500 plus pages and there is no chips to count the number of pages printed. Hence the is no need to reset the printer as other newer versions. The compatible cartridges are available as low as 300 buc...
4,the best printer in laser printer and the best build quality and original and full clear printing this is work a long time period for home and office use and not any issues in regular usage thank you flipcart to provide me genuine product and comfortable price
4.3,"The best single function printer it is similar to hp 1020 plus. Best use for project work for students, offices and shops.
No colour,
No scanner
No WiFi
No network connection only USB
Single colour black
No more function for no more complications"
3.9,
4.1,
4.1,
4.1,
3.5,
4.2,
4.1,
4.1,"searched on Internet ...
asked from real time users but none able to solve this puzzle for me however i reached a conclusion for this printer ... value for money ...

it cost less then 20p per page print moreover contains 2 bottle of ink in a starter pack which is enough for first 6000+ pages ...
print speed and quality is not as good as laser but decent enough...
great difference in power consumption as this one is rated just 16W against 360W for laser...

LAN has great usage ... specially i..."
3.8,"Loved the printer, takes a little time is getting ready but after that it is just great.

If you need to print a lot, this is the product, good value for money."
4.1,Good
4.2,
4.2,
3.8,
4.3,
3.6,
3.6,
4.1,
4,"This is a fantastic Lazer Printer and works as good portable xerox machine!

To have a printer operate without any computer support as a xerox machine is an extremely useful feature for a lawyer. The scan and print speed is fairly quick, that works or for quick xerox of a document. The external keys helps you to adjust the brightness, number of prints (like a xerox machine) externally. I can do this without having any computer attached with this machine or any software support. Working with ..."
4.1,"see, i am the one who thought a lot before getting this new printer.... in this 8500-10000 range there are mainly 2 players HP and CANON (after you rule out Brother, Epson or other Chinese things)....
HP LaserJet Pro - M1136 Multifunction Laser Printer and Canon Image Class - MF3010 Multifunction Laser Printer
basically both fall in the same price tag.... well almost... i chose canon because canon is the main supplier behind HP... so better to get from the source itself. there was a slight c..."
4.1,"Those who are fed up of regular ink jet printers,and prefer laser printers, try this printer. Its affordable, all in one printer from Canon. The quality of the prints are very good, very fast, and user friendly. The delivery of the product was well ahead of the expected date, and in good condition. Thanks Flipkart..! and i have to say that its an amazing printer, and friends go for it..!"
4.1,
4,
4.3,
4.2,
4.2,
3.8,
4.3,
4,"Fast printing
Best'product"
4,"Let's go step by step.

1. The order was received in about 12 hours in perfect condition and good sturdy packaging. Seller HappyGoLucky.
2. The product took about 10 minutes to unpack and connect to the system.
3. Installation couldn't happen using provided CD as the software version was old. My Mac didn't accept it. However the driver is available on HP website.
I strongly recommend installing the driver from HP website. The drivers installed on simply connecting the printer are basic printe..."
3.7,"been using MFP {Multi Function Printer} for about month now and i am not a heavy user, i usualy print upto 8-10 pages a day, and it works well.
pro's:-
1] good build
2] easy to operate
3] print cost is acceptable {according to my usage}
4] wireless printing works like a charm {i am working it from both my laptop and smartphone}

con's:-
1] startup time is a bit more
2] noisy operation
3] power consumption is more
4] quality of scanner cower can be improved
5] tonner provided is a demo one, s..."
3.8,"No words....Tremendous...!!! Thank to Flipkart... 😊

✅ Deliver on Time

✅ Value for Money

✅ Nice Product From HP

✅ No other Buy... Only HP 126nw

✅ Good Handling of Goods by Flipkart Delivery Team

✅ On time delivery

✅ Finally get the right choice to buy as a 126nw.. 😊 👍"
4.2,
4.2,
4.2,
3.8,
4.2,
4.2,
4.5,
4,"VFM product...built quality is good...printer looks sturdy will at least last 4/5 years...connectivity is good...
for MAC and IOS you will have to use brother’s iPrint&Scan software...I have tried using the drivers/software available in site but still I am not able to print directly from applications....in Mac or IPhone you cannot print from ms word or excel or PowerPoint directly....you will have to save the file as pdf or image and then use iPrint&Scan software...(if anyone has done it plea..."
4.7,"First brother don't offer free installation for online purchases(only telephonic assistance) which does not justify customer values. Although installation is easy.
After connecting to my pc with USB and wifi it prints slowly: but after installation of brother drivers it works very fast(but not as fast as cartridge inkjet printers). One more thing I notice is that color print is much faster than monochrome print. Photo prints are very nice.
Problem. I have face is black is not bla..."
4.7,"Amazing printer for the price offered. Love the print quality, it can print in eco mode, normal and even fine photo quality print. It has the all in one functionality of scan, copy and print. These ink tank printers are very economical for home and office use. Also since Brother printers are designed in Japan, you can definitely trust them."
4.2,
3.7,
4.4,
4.4,
4.3,
4.3,
3.7,
4.3,"The printer comes with two large black ink bottles and one each of standard CMY.
It has some good features like inbuilt paper tray, manual feed, Wifi (by adding as a printer on your network, or by creating a hotspot on the printer itself and then connecting your phone to it). It gives you reasonable control over print and copy quality. You can change ink density so your prints consume less ink but look washed out. And here comes the catch. The print speed gets way low when you print in best q..."
4.2,One of the best printer in India. I research a lot and found the best one. Super fast speed. Please don't compare the printing speed with laser printer. In ink jet Printer category this is fastest. Colour printing is faster & better than epson printer. Single line display helps you a lot in print settings. You can get DCP -T420w @ price Rs. 1k less but i strongly suggest you to go for T520W. Both side ID/aadhaar/driving license /ration card printing function is superb. Many many customize o...
4.2,It is one among the best printer I have used. The print quality is good. I love the wireless printing feature and that's the best part. Worth more than the price
4.2,
4,
4.4,
4.4,
4.3,
4.3,
3.7,
4.3,"Have been using the product since few days. Works like a charm. I just wanted a single function printer for low cost black and white printing. This does the job for me. Scan, copy blah! blah! can be done through phone these days.

Let's see how well it perform in the time to come but till now it suits my requirements."
4.2,"Overall good easy to operate by phone canon app.easliy connect to wifi. Use noko app to make pdf, for multiple printing one page .printing quality is good no lining ,no gapping. Duplex system is working very well sometimes it take few seconds but working good."
4.2,Print quality in awasome and easily id photo copy from mobile app. The printer is full Paisa wasool no daught. Im happy with this product.
4.2,
4,
4.3,
4.3,
3.5,
4,
3.8,
4.3,"Awesome
Best' result
Easy to operate"
4.3,Not product.work propaly display not show proper
4.3,Product looks like refurbished
4,
3.5,
4.3,
4.3,
4.1,
3.6,
4.2,
4.2,"Printer is good but price is so high.
Print quality is good and Photo quality is too good.
Xerox speed normal.
I like it."
3.7,Awesome printer and print quality is too good both colour and black.Xerox is also fine.Best thing is that it is easy to operate and the printing cost is too low which is very affordable.(10paise-20paise per page)
4.1,Good quality ❤️
3.7,
4.2,
4.3,
4.3,
4,
4,
3.5,
4.2,"Wont get installatiom disc, so had to download driver from the website. Build quality is not so good or sturdy.
Would recommend to spend some more and get better quality product. Basic printing can be done, good for people working from home can take printouts of txt documents. Colour printing quality is not great as shows and moreover wont be able to print on photopaper as the colour ink rubs out with finger wipe."
4.1,"Nice product but cartridge is very small, i ran out of ink in three days of use. Now I'm waiting for new ink, ink is not much costly but you have to refill it every month like a ink pen. Printer color accuracy is 4.3/5. Black and white 5/5. Ink capacity 2/5. Easy to refill and ink is not so expensive. My review is 4 to 4.5 /5( but not 5/5)
PROS
WORTH the money
Plug and play ( plug and ready to print)
Automatic sleep and on
Cons
Photo copy is GOOD but not TH..."
4.1,Nice printer with good rate and sevice was also fast. Recieved it in less than 48 hours from booking. Behavior of the delivery boy was excellent. Nice work keep it up
3.8,
3.9,
3.9,
3.9,
3.8,
4.3,
4.2,
4.2,"Awsome product..
Nice experience with this
Mobile connectivity is really good"
3.8,"Very Good product, quick connectivity on wifi."
3.9,Good
3.6,
3.6,
3.5,
4.3,
4.4,"printing is fast and quality of printing is absolutely good.
low maintenance and low cost printer. supports color and black white scanning as well with clear pixels. easy to understand with the manuals come along with the printer.."
4.4,Very Good product
4,This is a very best item..
4.2,
4.2,
4.2,
3.8,
4.3,
4,
4,
3.3,"Thanks to Epson for bringing in Ink Tank Printers. Prior to this we were being looted by so called original Ink cartridge companies or we had to use Laser printers.
Pros:
This printer can produce copies for less than 20 paise using Genuine Epson Ink.
Print outs from this printer (using supplied pigment ink) are comparable to Laser print outs.
It uses very little electricity to print.
It can be connected with USB cord (supplied) to a Computer or used on WiFi network. (Through a Router)
It ca..."
4,"Using this printer for past two days. Its a good printer.
Prints very fast infact faster than laser printers. And the quality of the print is too good. We always considered laser printers were best but this printer is very much better than laser printers in terms of print quality and cost wise.
It is monochrome single function printer. Meaning, it only prints and in black only.
Dont fall for wifi connectivity, its actually useless. You will need router and real networking knowledge to configu..."
4.4,"An Awesome BLACK AND WHITE Printer for someone who has Printing need of 100-600 Pages a month or even more. Printing speed is Decent , Quality is like normal inkjet printer and lower than that of a laser printer.

The printer comes with two ink bottles included which can print approx 5500 Pages. Mac OS support is missing.

One disadvantage which i am facing is that the Ink bottle has an expiry of SEP 2020 and i would not print 5500 pages by then.

Recommended for Home Use , where your ..."
4.4,
3.7,
4.2,
4.3,
4.3,
3.7,
4.2,
3.8,Its useful essential product
4.3,Very good product but display led backlight should be their in.
4.2,Goood
4.2,
3.5,Good product
4.2,Good use
4.4,"Installation & Setup was easy & fast. Just connect through HP Smart App and Wireless printing is so simple. Air print works good but while accessing from Mobile, Printer settings/preferences are limited to few options.

Touch screen response is fine & the video snippets are quite helpful for installation. Also it is easier to use the printer options through touch screen rather than single line monochrome display in other models like 515/516. The additional cost for 530 printer is worth it fo..."
4.4,"Its very nice product. No need to think twice, just take it if fitting in your budget. Print speed is good, print quality is very nice (black, color, glossy photos etc) and also cost effective printing.
I will recommend to take this printer."
3.8,BEST PRINTER FOR COLOUR AND BLACK IN WHITE PAGE PRINT AND BEST PRINTER FOR PHOTOCOPY VERY NICE CLEARITY AND SCANNING SYSTEM IS ALSO GOOD YOU CAN EASILY SCAN AND YOU CAN CONNECT THIS WIRELESS FROM YOUR PHONE SEND AN EMAIL TO HP PRINTER DEFAULT EMAIL AND MAKE A DEMAND WHICH PHOTO OR ANYTHING WANT TO COPY AND PRINTING IS AUTOMATICALLY DONE YOUR PRINT THIS IS TOTALLY WIRELESS THIS PRINTER COMES WITH 2.2 INCH SCREEN FULL SMOOTH TOUCH CONTROLS AND YOU CAN CONNECT WIFI AND USB AND ETHERNET ALSO MIND...
4.2,
4.2,
4.2,
4.2,
3.7,
3.8,
4.3,
4.4,"Having used it for three months now i can vouch for that it is not a good product and you should avoid it like hell
Reasons

1 print output - it took out about 900 pages all in eco mode. Actually it stopped at 800 saying there is no ink balance in it, i checked internet for a solution as i badly needed few more print outs. As suggested by many i took out the cartridge out, broke the chip which was on to one side (small 5mm by 5mm) on outside of cartridge and voila it gave me 100 more printout..."
4.8,"First of all kudos to flipkart for such speedy service. The printer was delivered the very next day after oredring.

As for the printer, well it performed brilliantly for the duration for which I was actually able to use it which was approximately 1 month. Yes, after a month the printer sat idle for about a month and a half. One fine day I needed a prinout for my flight ticket urgently, so I turned on this gadget and... whoa... it just would not turn on no matter what i did. Well I managed to..."
4.8,"i bought it of Rs 6000 (bargain)today 06-02-2012 , from delhi nehru place , be sure that the toner is original and full not import , not demo(half) . HP 1108 good print quality , speed.
HP printers are good . In gray market outer box of original 88A toner sell off Rs 300 ."
4.1,
4.3,
4.3,
4.3,
4.5,
4.6,
4.3,
4.3,Nice good print quality
4.3,very good.
4.1,Good and awesome products flipkart service fast low cost per page and ink refilling so easy rugh and tough use I have 3 brother's printer including DCP-B7500D I suggest to all my friends first preffrance Brother printer otherwise as you like. I LOVE BROTHER PRODUCTS 🥂🥂
3.6,It's a good printer for home and small office use... Nice printing and very fast print occurs but it has poor colour scan... When I did a colour scan I found a poor quality i.e. like 20% of blour image... Overall it's a good printer... If you need more scan documents then you can go with ink tank printer because the scanner of ink tank printer is better than the laser printer.
3.6,Superb and worth buying. Suitable for those having daily printing needs. Duplex printing. CD available with necessary driver softwares.
4.1,
4,
3.9,
3.9,
4.5,
3.9,
4.5,
4.5,Awesome product….this is an initial review of this product..doing great…printing quality is good and I received it in good condition this product….will write reviews after using it a month
4.1,"It is really sad to say that the approach of the Flipkart team has been very harassing and unsupportive. Once your product will start performing not well, even in the Replacement/warranty period, then they will not provide a solution and try to trap you through rules and regulations. You will be harassed at that level where you will give up to contact the team. You will be only responsible for your purchased item, not Flipkart.

#PURCHASE PRODUCT AT OWN RISK

#NOT RECOMMENDED"
3.7,"Received it today....fabulous product from brand HP.
One day delayed delivery due to the occasion of Diwali.
Sharp printing.......must recommended.....wifi function works smooth...Noiseless.....compact design....and so onnnnnn.......speechless......Thanks Flipkart....Thanks Delhivery...."
3.9,
3.9,
3.7,
4.1,
4,
4.2,
4.1,
4.1,Nice printer
4.5,Quality of Print is Good as expected.buy it
3.3,"Very good printer, robust and rugged. We're using in office (E Co Rly). Trouble free.i recommend these printers for office use."
3.7,
4.3,
4.5,
4.5,
3.7,
4.3,
4.1,
4.1,Good work
3.3,It is absolutely better than other model.
4.3,Received damage items
3.9,
3.9,
3.9,
4.2,
3.9,
3.9,"Most of printing error, 7 out of 10 colour paper printing error. Paper got jam after printing a half page. Total waste of money."
4.3,Best photo printer and easy installation
4,Black and white zerox speed is very slow
3.6,
3.6,
3.8,
4,
3.7,
3.7,
3.6,"I am giving this review after using it for 2 weeks, its awesome, very easy to use and have best result as far as quality is concerned. As Always Flipkart was at his best in delivering the product timely and safely.
If u r looking for a good Multi-function Laser printer go for it without any second thought."
4,"I purchased this product after reading so many positive reviews
about it on Flipkart. It is a great product if you're using only Windows
as your primary operating system. On the other hand, if you use Mac OS X
as your OS, contrary to what the specs say, the scanner is not detected by
the operating system *at all*. You will essentially have to give up on scanning
using this MFP if you use Mac OS X. The rest works fine.

Also if you have figured out how to get the scanner to work with this MFP
..."
3.8,Excellent Product.. Easy to Install.. Nice print quality.. Affordable and Worth the price.
3.8,
3.9,
4.3,
4.3,
4.3,
4.1,
4.1,
4.3,"This product will work when you have both cartridge filled if you have new black cartridge it will not work of color cartridge is empty, secondly it will work only with original cartridge which is very costly it will not work with cartridge refill."
4.3,"The product is good and easy to use. However not recommended for commercial or if required for large quantity of printing. Apart from it, it's ink consumption is also high, but a very balanced product for household usage"
4.1,very nice product
4.1,
4.2,
4.2,
3.8,
4,
4.4,
4.4,
4.2,"Good printer for photo Studio purpose !
Printing colour is good enough .
Print cost is less than Epson L805 as per canon company .
Printer print speed is less than Epson L805
Print quality is best, but Epson L805 Print quality is amazing. but in this price range this is the best option,

Try to not take normal A4 paper print because it will definitely reduce print head life, not only for this printer but also for all photo printers !

Giving 4star because of low printing speed and print q..."
4.2,Canon printer best quality awesome thanks Flipkart
4.2,Very good product 👏👏
4.2,
3.8,
4.2,
4,
4,
3.7,
4.2,
3.7,Good printer for print e stamp paper
3.7,Best printer for stamp printing
3.9,"Hello Guys..

Don't ever ever buy this printer.. only in 6 months of usage we need to change the drum which is available nowhere and it's price is also very high.. ink is so difficult to put in, half the times ink falls out..

When we put in new ink, still error will keep showing low on ink.. and new ink for around Rs.900, we don't get 900 pages in total..

My money is wasted, please don't buy this printer..

HP company should ban this product and return the money.."
4.5,Good product satisfied with this product
4.2,"Great product form HP Printer
Good quality printing
Classic product"
4.2,
4.1,
4.3,
4.3,
4.3,
4.2,
3.6,
4.3,good
4.3,"Printer quality is overall nice and Colour prints are very accurate. This winter is very useful for those who print casually or less than 100 pages in a month.
Original Printer ink is costly."
3.7,"good at this price range
1)Black and White printing time around 20sec.
2)Colour printing time around 1 minutes.
3)Quality very good.
4)Noise medium."
4.2,
4.1,
4.1,
3.9,
4.4,
4.3,
4.3,
3.8,Well product is good as we all know canon printer are the best as compared to others. And if you want to buy this product it will be good but be sure that the ink used is only pG-47 and CL-57 that is specific for it.. and the cost of this ink cartridge is heigh .. it gives only 250 pages for black and white and aroun180-200 coloured. And the scanning speed is bit slow as compared to other canon printer. It is best for personal use only.
4.2,"Purchased this canon E-3370 printer a couple of days back. The printer seems good though cant fully judge in 2 days. The installation is very easy and simple. Was able to set it with computer thru USB and wifi access thru mobile and laptop, all in about 20 minutes. The feedback by some that the wifi settings was very difficult, is totally wrong and misleading. There is a "" link symbol "" button. Press it for bout 3 seconds. When it blinks, try to connect with the laptop. The printer optio..."
3.8,"Okay for general home use. Set up and usage is easy. Guidance at every step is available. I'm yet to test the longevity of the ink cartridges. Printing speed is slow (as expected). For the first print, the machine takes a minute or two to prepare itself. Overall, I'm reasonably happy so far. It's not a wow product, but a product that gets you by your occasional needs."
3.8,
4.1,
4.2,
3.7,
3.7,
3.4,
3.9,
4.1,"Best printer in this price and people who wants to print with this printer with your android can print... Just follow these steps:
1. Download canon print service
2. Then, download nokoprint app.
3. Now, open the nokoprint app and then select usb otg connected printer(for this your phone must have support of usb otg).
4. Now, connect printer and use generic option.
5. Now enjoy your printing......."
4.1,"I have printed more than 500 + copies . work very fast and aqurat .

I have seen such a good quality and cheep price with Brand ."
3.8,"Good printer at affordable rate. Good quality printing. Sometime I faced issue at connecting with my phone but overall a very good product a student should own. It would have been nice if ports for pen drive are available/usb port to directly connect mobile instead of using OTG cable . But considering quality, performance of machine it's a good product. Printing per page price I feel could have less for a student like me who takes many print at a time. This printer is perfect for home use..."
4.3,
3.7,
3.7,
3.5,
3.8,
4.1,
4.1,
3.8,"Very nice printer, is worth the purchase. Ideal for Home printing but the black cartridge prints hardly 100 Pages and same with Color cartridge.The cartridge price is costly so I suggest you to Buy GoColor Canon compatible ink's each bottle is of 100 ML and you will find that there's is difference between Original and GoColor ink's. You can refill the cartridge at home in the kit you get everything just watch a video on YouTube and you will save you 96% Printing cost. I have done the same thi..."
4.3,super Good delivery and canon printer is Good Quality.... value of money.. best product..
3.6,"nice product
I am a student I ordered this for my work I don't have a computer or a laptop I only have Android phones so I ordered that and now I print the worksheet from this printer very nice printer"
3.6,
4.1,
4.2,
4.3,
3.6,
3.6,
3.9,
4,Awesome product fast printing and scanning is also good and it is easy to setup but it is not wireless otherwise awesome
4.3,Ink cartridge provided with it could not print even 60 black prints had to buy a refill ink .So if you have thought to buy remember to include the cost of the ink as well as the ink won't last long well the print quality is appreciable and good enough for home use .
4.3,Excellent .. printer Hp desk jet 2331 . And you can must buy it 😉.. i am really happy to my new printer..i think best low range best printer Hp .. Thanks and Thanks for Flipkart customer support ..
3.6,
4.2,
3.9,
4.1,
4.1,
4.1,
3.5,
4.2,The printer is super thank you Flipkart for selling better price 😃😃😃
4.1,Nice
4.1,"I take this for my study purposes....printer is marvelous fast printing,good quality of printing, easyl connect with phone wifi,..."
3.8,
4.1,
4.2,
4.2,
3.8,
4.3,
3.6,
3.6,Nice Product
4.1,Super working and easy to wifi connection to print out the photos n Xerox am using 15days after I give the am bust it's same to l3150 modal bust quality
4,Good printer for home and office uses.
4.1,
4.1,
4.1,
4,
4.3,
4.2,
4.2,
3.8,"Great printer from HP. Excellent quality low cost printing. A Must buy product. Efficient usage of ink too.
I have printed 40+ photo prints on photo paper and 100+ a4 paper prints still only 2-3% of ink is utilised."
4.3,"I have brother dcp t300, epson L130, 220 & 360 and now I own hp 315, gud printer no doubt but out of my five inktanks best till date is epson L360. Although hp a bit economical in terms of more printing with a set of 4 ink bottles but an advantage of epson is it can hold 50 bond papers (100gm) in single shot but U can put only 10 bond paper in hp315 in one time plus epson L360 is speedy. I am saying this because I am printing 15000 prints per year with these ink tank printers, anyone have qu..."
4,it's very nice products
4,
3.7,
3.8,
4.2,
4.2,
4.2,
3.8,
4.2,"Canon G3012 is the same as G3010 but with two extra black bottles of ink. So, this review is applicable for both the models. The flipkart delivery was on time and packing was satisfactory. Coming to the Printer.... The setup of easy. I was waiting for the Canon guy to come and install but then I decided to install it myself. Took me 15 mins to install. The print quality is satisfactory. Wireless printing setup was a bit typical but is a one time hassle. I took out some b/w and colour prints ..."
4.2,"Very Nice Product
Printer is fast and smooth colours are good in compare to other printers in the market
The big plus point of buying Canon printers that they have seprate individual cartage for black and colour ink so it saves money while servicing of the product and Extra black ink bottels are also a big advantage."
4.5,"Superb printer. Easy to install. During this Covid 19 scenario, we were reluctant to do the installation by someone else. I was wondering whether I could do it by myself. But I did it at ease. Almost a plug and play time. Only cartridge to be inserted and inks to be filled, the rest is well taken care of by the printer itself. I tried photo printing, colour printing and b/w printing. I am really impressed. Photo printing I need to purchase glossy paper I think for better effect. The price is ..."
4,
4.7,
4.7,
4.2,
3.7,
4.4,
4.4,
4.3,"Photo quality is not as expected. But it is satisfactory for normal printing and taking photocopies.

Cheap plastic is used as holder for holding the printed paper. Other brands (which are not expensive as this one) seems to have better quality for the same. The rest parts of printer seems to be of good quality.

There is a lot of noise while printing is in process.

When I checked the warranty for the printer in HP site after I received the printer, it was only showing less than 11 months wa..."
4.3,"Wonderful . Easy set up & wireless connectivity .
Looks beautiful. I like the design .
But one thing I would like to mention - Little slow while printing ."
3.7,"One of the best printer in this price range
And specially wifi printing is very helpful it’s totally wireless and ink filling technology is best in class as compared to other"
4.3,
4.2,
4.2,
4.2,
4,
4.4,
4.4,
4.3,"Best Printer
I love it"
4.3,Good
4.2,Spped like a laser printer good quality
4.2,
4.2,
4,
4.3,
4.3,
3.5,
4,
3.8,"It has all the facilities to eliminate too many wires & good wireless wifi connection, scanning & printing.
Very good printer worth every pie invested on it. Had discount offer quick free delivery 3 days shorter than Amazon."
4.3,"Honest review:-
- Unable to setup with Windows 7, so little disappointed but easy to connect with Android.
- Printing quality very good.
- No proper user manual given.

Edit after 6 months-
- Having probelem in connecting it to mobile.
- Can't print anything. Only Xerox is working properly.
- Would not recommend hp. Go for other brand."
4.3,"Excellent Product
.."
4.3,
4,
3.5,
4.3,
4.3,
4.1,
3.6,
4.2,"VFM product...built quality is good...printer looks sturdy will at least last 4/5 years...connectivity is good...
for MAC and IOS you will have to use brother’s iPrint&Scan software...I have tried using the drivers/software available in site but still I am not able to print directly from applications....in Mac or IPhone you cannot print from ms word or excel or PowerPoint directly....you will have to save the file as pdf or image and then use iPrint&Scan software...(if anyone has done it plea..."
4.2,"First brother don't offer free installation for online purchases(only telephonic assistance) which does not justify customer values. Although installation is easy.
After connecting to my pc with USB and wifi it prints slowly: but after installation of brother drivers it works very fast(but not as fast as cartridge inkjet printers). One more thing I notice is that color print is much faster than monochrome print. Photo prints are very nice.
Problem. I have face is black is not bla..."
3.7,"Amazing printer for the price offered. Love the print quality, it can print in eco mode, normal and even fine photo quality print. It has the all in one functionality of scan, copy and print. These ink tank printers are very economical for home and office use. Also since Brother printers are designed in Japan, you can definitely trust them."
4.1,
3.7,
4.2,
4.3,
4.3,
4,
4,
3.5,"< Excellent >
Just go for it if you need a printer for home use and small shops.
•Little bit noise but we can't say noisy.
•Excellent product from HP.
•Manual Duplex printing is available and is also easy.
•Its scanning quality is better than other brand printers.
•Printing is very neat and clean & each and every single word is clearly visible.
•The ink bottles are spill-proof so you can fill ink without any worry.
•Installation is very easy and I have installed this printer by myself.
•..."
4.2,"I bought this printer on 29-09-2019, I installed the printer of myself - ink filling was easy as the ink bottles are spill protected, but I took 10 minutes to connect it wirelessly with my I pad ..any way after got connected it was effortless to print from my I pad. ink consumption found to be very less . Connected with my windows pc and I printed my daughter's class 11'th std readers (4 nos each 320-360 pages- total of 1300 pages) using the odd and even nos. programmed cycle to print on both..."
4.1,Nice product but delivery of the product not on scheduled time without genuine reason. After taking continuos follow up from flipkart then product arrived. Highly unsattisfied with delivery of product.But fully satisfied with printer after using it.
4.1,
3.8,
3.9,
3.9,
3.9,
3.8,
4.3,
4.2,"👍Epson Printer is very economical and useful for home and office.
🤙Copy print speed is normal , compared to lesser print
👌But copy print quality is nice and best
👍👌Color copy print is to good.

&&&&&
🤝thanks for best delivery service of flipcart......"
4.2,"Always wanted a good printer in my budget, and I get it. Epson provides very good printer in very less price. Thank you so much Epson, The seller & Flipkart 🥰🥰🥰😇😇😇😇."
3.8,Superb Product with Superb Command Sensation & Clear & Fantastic Printout
3.9,
3.6,
3.6,
3.5,
4.3,
4.4,
4.4,
4,No software cd provided hence especially WiFi direct with laptop software setup is complicated. It took 2 days to understand me. Anyway printer is working Fine in all functions such as wireless / usb / Wi-Fi Direct set-up. Wireless scanning/ printing both by mobile and laptop is also tested and working. I must say company should provide software cd so that anyone can install it easily. HP says that install it through HP smart which is not easy.
4.2,HP smart app and plugin app takes time to install. but once installed makes printing easier. scan to print also works like a charm. Has some noise while printing - just like any other inkjet printers. Printing is fast for a inkjet printer. Good choice for home printing where 2-3 members in a family need printout on a regular basis
4.2,Awesome product with easy setup
4.2,
3.8,
4.3,
4,
4,
3.3,
4,
4.4,Good product very fast printing and very good clearly. Purchased in good offer thank you Flipcart and HDFC.
4.4,"Great product and very easy to operate. And also have toner saving option. Which helps in commercial printing. That saves alot of toner. And very small, which is easy to fit in small area.
But the only issue is, only A4 size papers only fit exactly in paper tray. I expected little more big and fit more size papers. But not.
If you are looking for only A4 paper printing. This is best one."
3.7,"My First impression looking at printer that is little big and heavy
The printing speed is very fast and the quality is also superb
Command from pc to printer takes around 10-20 secs but once received does its job perfectly.
Handle both side printing automatically

Perfect for medium scale business where lot of pages need to be printed in less time.
If dont require scanner than cheaper version of same company is available.
Better than HP or other brands as it provides 30 pm and cost per page i..."
4.2,
4.3,
4.3,
3.7,
4.2,
3.8,
4.3,
4.2,I liked the quality of the printer and the scanner. The only thing that's quite troublesome is linking the device with android and it's set up. It would take a little time. We need to watch videos if first time user. Otherwise the scan is nice as well as print. Thank you!
4.2,"Easy setup and connect to wifi easily. You can print from any device connected to same wifi network. You need to download one HP mobile app to configure hp setting and print colour quality.

Who should buy this - someone looking for budget printing with scan option. It does come with color and black ink cartridge. I have reduced the color printing quality using the app and I have already printed more than 90 pages. Without any device, you can make photo copy like Xerox/photocopy machine. Jus..."
3.5,The worst product I had ever bought in my life.. plss don't buy it .. it's printing price is so high that you have to sold your whole property to print out of 500 pages.. believe me I have printed only 42 pages both side black and white and just only 8 pages colour printout only in single side and the cartridges are empty.. my expectations and reality defer too much after I bought it .. now I am writing the review on 11th Dec after my ink cartridges are empty and I have got the delivery on 5t...
4.2,
4.4,
4.4,
3.8,
4.2,
4.2,
4.2,
4.2,"Nice product quality is good printing was little bit slow but the performance was soo good and copy ,scan was too good and it was fast"
3.7,"Good model. Does its job well and the ink lasts long. Print quality as per industry standards, color reproduction is ok. This printer is not for photo prints so cannot expect a great performance in that section. For documents it's perfect. The auto doc. feeder is a addition but I feel they could have kept it as an optional attachment, as for those who do not need it, for them it just makes the printer bulkier!"
3.8,Connectivity issue. Not a seamless connection or printing wirelessly. Printing is slow even in black and white. Expected a better product from HP. One will get irritated while printing via wifi. Mobile printing sucks. The app is very confusing and irritating. Ink finishes like anything even the black ink. Auto document feeder does not work properly and copies blank pages. Paper tray problem happens most of the times. Don't buy it. Please.
4.3,
4.4,
4.8,
4.8,
4.1,
4.3,
4.3,
4.3,Best printer in this range. Amazing 😍🤩 I am superb happy ❤
4.5,Awesome product as always.. good wifi connection.. good print quality.. Hp is the best
4.6,"Super Printer, it is worth buying and I got it for very cheap, if you want u can buy this and really it is good and easy to use"
4.3,
4.3,
4.3,
4.1,
3.6,
3.6,
4.1,
4,It's Good and best for home and small office work and. Thanks for your Fast and safe delivery
3.9,It’s very easy to use and nyc product colour print is very good and the printer is very nice working properly
3.9,VERY VERY NICE 👍👍 AND VERY GOOD PRINT QUALITY 👌👌👌👌 VERY FAST SCANN AND COPY AND FAST PRINT
4.5,
3.9,
4.5,
4.5,
4.1,
3.7,
3.9,
3.9,"Received it with in 2 days , easy installation and connectivity is very easy using USB and even with wifi , printing speed is very fast .. very good printer for office use.."
3.7,Really worth for money. Packing was so good and clean. All process is working fine as per they mentioned. I will suggest everyone to buy this for normal use.
4.1,Best product works more fast package very bad
4,
4.2,
4.1,
4.1,
4.5,
3.3,
3.7,
4.3,"Product is not good. It doesn't print page as it says. Only after printing 10 pages ink got finished. I have to buy a new cartridge. Not a good product. I won't recommend it, save your money."
4.5,Overall nice printer for less usage work
4.5,Very beautiful and workable printer love it....
3.7,
4.3,
