stars,complete_review
,"The value for money laptop...I bought this product at 66,000 rupees.The Intel core i5 1235U processor is runs on 10 cores 12threads .It gives a High efficiency for normal use , I never seen my laptop is heats or warm anywhere,If you want a good quality laptop,I definitely prefer this.The quality of laptop is pretty good It comes with Microsoft word, Excel, powerpoint etc. It is best for business purposes and coding purpose. Finger print sensor is acceptably however battery backpack is slightly bad."
,Light weight
,No any body dislike
,Best laptop for students or office use
,"Display was good
No lag
Performance was good
Battery backup was poor"
,I get best deal in BBD.
,Over all very good product.sound also good high volume..
,Great
,Battery discharges very fast. Average battery life is around 4 hours. Heating issue is there. All other features are decent.
,Worst it is not touchscreen please remove it from description
,No touch screen but okay it is good
,Performance is good but heating fast
,"Overall, the laptop is very best to use. The only thing is it doesn't last for long after charge. I have been using it since a month. No more issues. Performance is excellent!."
,This is best value for money laptop. But there are some cut offs display quality is very bad and it does not have type c charging port. Except this two all other features are good. 16gb ram and 512gd ssd below at 55000 that too hp laptop is a great deal.
,I like this product and smoothly working but the laptop is heating problem after use of some time and fan is very noise.
, The product was described as touch screen but actually it is not touch screen. There was a scratch on the back of the screen as shown in the video. Rest of the configuration is good
,Camera quality is not as expected as good and Battery backup didn't meet the specifications as they provide 9.5 hours but even in browsing or keeping ON is also not reached 6 hours if continue playing videos can expect 4 hours and display quality is quite good normal brightness and backlit keyboard not there for this model laptop. Rapid Charger is good in 1.5 hours full charged processor is awesome quick restart in 30 seconds. Overall good product
,"i can write a review offter 2 weeks
laptop profomens is good
battery is descent 5 hours of gaming
screen is average quality

u can buy to u ar a normal ussag"
,"Laptop it's good performance super speed, brightness💡✨ ok, sound is low but crispy n clear, dolby sound good, battery biggest con is battery it's drained very fast, it's heated up when charging,
All over performance wise very good laptop"
,This product is value for money.At this range you can do normal gaming and studying.just a little bit problem it get heated when use for 2 or 3 hours.if you want to do work for 5 or 6 hours you need a cooling pad i have ordered for 800 ruppes only.although this product is the best.
,"Sound quality low
But overall good"
,Laptop look is nice and for professional use except gaming it is good but when i am write a code trackpad getting struck.
,Screen quality is good.. but this is not for gaming laptop..
,"Screen quality disappointing ,otherwise it's ok"
,"Well, it may or may not be the future of laptops, but on this one at least you are stuckup with win11 home to the end it seems as you cannot boot from any other device (usb flash / dvd drives) unless it is a rescue disc created by the running win 11 system, the bios boot option is one and only one ""windows boot manager'! which in itself is not a device and you cannot change this by any means (I have tried all possible ways, it is not possible) so if you are happy with it, then purchase it else not.
Performance as it is can be termed as very good
Ms Office home , norton antivirus is pre installed without license so you have to purchase a license key additionally if you wish to use these beyond the trial period of a few days
I am totally disappointed not for the performance but because I like to be in full control of the device which in this case is not possible so only 2 stars for the product as it boots up and shuts down as expected off an ssd.

After 2 days of struggle I called acer service to make it possible to boot from usb devices and the service person visited and whatever he tried (mostly changes in bios security settings) simply made the pre loaded win 11 also non bootable and not repairable, as per my habit I had a rescue disk already made out of the installed system and a backup image prepared from the win 11 in spite of which the operating system remained useless and I had to go back to a fresh install of windows 10 from my own win 10 install media and then upgrade to win 11.
After 2 months :
After lot many tries I've found out that fedora 34 onwards can be installed from usb drives on this hardware and may be other uefi compatible ones too may get working on it. The performance is fine so I am increasing the rating from 2 to 4 stars now, 1 star less for absence of ""caps lock, num lock, BT etc. "" indicators on kbd and a narrow viewing angle for the quality FHD (1920 X 1080) resolution ."
,battery is too weak
,System is Fast and OK. Good. But its Display is very Poor. Battery is also draining Fastly
,very bad display and battery is very low and also it heats up faster
,Very nice product
, With 8gb ram and 512 gb hdd and core i3 11th generation performance is good but display quality is so poor also i noticed video playback is different then usual it does play 4k videos on YouTube but felt like playing on 720p. Not problem as such but if you intend to use it more for video watching it is quite literally waste of money rest everything is fine sound quality is not so good but I guess that is the case with every manufacturer now days your phone may out perform in terms of loudness .
,You like the product in this price range product is very good i5 in 40000 we can't buy i3 in this price thanks Amazon for this deal.
,"Immediately on opening the pack, i am using it for the first time. At the outset, it looks very good. Rest, only when i start browsing and using the apps, i will come to know the real performance of the system. Hope, it would give trouble free performance."
,"Laptop looks stylish and looks premium however only time will tell how the built quality is. Serves my work related purpose. Performace is good as the clock speed of processor is 3 Ghz (not 4.1 which is maximum extent of clocking purformance of the processor.
Pro:-
1. Looks premium ( hp logo is cheery on top)
2. Keyboard quality is good and all necessary keys are present on keyboard (no need of pressing fn for some important keys like home, pageup and page down etc.
3. Speaker quality is very good compared to lenovo, asus or dell in this price range. Loud and clear.
4. Two usb type A 3.0 and one usb type C 3.0 (might be 3.2 I am not sure)
5. Pre-installed OS and office with lifetime validity
6. Browsing speed is also very good

Con:-
1. Visibility of alphabets and numbers becomes very bad in low light condition (might not be a con for experienced typist). Keys are not even like somwhere its ok and somwhere its bumpy or not aligned properly. But typing will not get affected.
2. Screen quality is very down grade. Other laptops like Asus are providing Oled display in this price range. Brightness is very low. My old lenovo Ideapad has better brightness and clearity of screen than this laptop (which I bought for Rs. 25K before 5 years)
3. For those who wants to extend the screen for uptop 2 monitors, the given USB C port doesnt support video output so you can only connect one monitor at a time.
4. No option to expand SSD storage as it only supports 512 Gb (which is already included) and no extra SSD slot or even HDD slot.

Can't say:
1. Performace will get tested after heavy usage so will update later
2. Not faced heating issue which will only get tested after heavy usage

Edit:
1) Battery last for 6 to 7 hours while using only excel or any other basic work
2) Good news for GTA 5 lovers as it can run but on low settings. You won't get graphics but game runs smoothly.
3) Has heating issues even after running excel and tally prime"
,Overall laptop boht acha h bt ismai keyboard mai light vali key ni h vo missing h.
,"स्क्रीन क्वालिटी इससे और अच्छी हो सकती थी ..बैकलिट कीबोर्ड की कमी देखी जा सकती है। बाकी निसंदेह लैपटॉप बहुत ही प्यारा है, परफॉर्मेंस भी एकदम well and good है। Laptop sound लाजवाब है।"
,
,The laptop charger is bad quality in which the pin results shock while changing.
,Nice laptop for students & office
,Nice in this budget one should go for it.
,Good one to buy
,"the laptop whole package is awesome. although its a bit pricey you get 3 year warranty and you get qhd 500 nits screen and 6gb graphics nvidia rtx model and msoffice 2019 included with the price and also get highly customizable feature rich and visually attractive bios and lenovo vantage app and x-rite colour assistant app which are used for controlling software and hardware settings and features.

you have to contact emailid pop@lenovo.com (mention serial number of laptop in subject) to update the warranty. lenovo asks a ton of things like invoice from amazon, email from amazon confirming the order, p-slip from amazon indicating the serial number of the laptop, photo of the sticker on your machine which consists of the System Serial number and the MTM details.

here are some shortcuts
Fn + q === to change thermal modes
the power button led shows red white blue colour for following modes
Performance Mode -- Boost your computer performance with higher fan speed and power consumption. Performance Mode is applicable only when ac power adaptor is plugged in.
Balance Mode--Automatically adjust the performance and fan speed according to the system requirement.
Quiet Mode---Keep quiet by reducing your computer performance and fan speed where possible with low power consumption
Fn + space === to turn off/on and change keyboard rgb lighting profiles
rgb lighting profiles can be customized and turned on off in lenovo vantage app
Fn + L=== to turn off/on the legion logo lighting on the back of the laptop screen

in lenovo vantage app, if you turn on hybrid mode, then the system uses both amd integrated graphics card and nvidia graphics card. if hybrid mode is off, then the system uses only nvidia graphics card.

it has a hardware switch to disable the webcam.

there is rapid charge setting for battery in lenovo vantage app, which charges the battery quickly. but don't use it as the battery life reduces. the battery gives only two&half hours to three hours if you are just browsing internet in chrome and watching youtube. if you are doing cpu intensive tasks like copying files or virus scan, or watching 4k 8k videos, the battery backup time reduces further.

there are a ton of customizations in lenovo vantage app and x-rite colour assistant app to change hardware and software settings and features. check them out.

as soon as you get the laptop, don't connect to internet while you login to windows first time after purchase ( do customizations like privacy settings as per your preferences). once you login to windows first time after purchase, connect to internet and update everything in laptop, make windows updates first as it automatically gets updates for lenovo hardware and lenovo apps. then go to lenovo vantage app and do system update if any are available ( like bios update etc)

i played 4k and 8k videos in vlc with hybrid mode off and using only nvidia graphics and thermal mode in performance mode. the 4k videos played without any issues although the cpu temperatures rich 65-75 degree centigrade. as for 8k videos, as the framerate increases and intensity & speed of scene changes increases, there is a huge 4-5 second freeze in the videos. the system is unable to play the 8k videos with high frame rates.

i did not play any games.

you have to activate your license of MS office 2019. check the web and YouTube for how to do that"
,"Pros:
Good specs, others have written enough about it, so will not repeat.
It works fine, unlike others I do not have a problem with the lighting, it's working fine. Touch wood.
Battery is on expected lines, I'm looking at the Apple M2 pro, with great battery life.

Cons:
They wanted to differentiate this laptop as a lower spec'd one so they introduced a pedestrian design language. Not the sleek one reserved for Legion 7. Newer models, they have corrected it. But, since the marketing dept even thought about this cheap move. I'm knocking one star off overall. Way to *iss off customers, Lenovo. When we're already paying top dollar, why do this?"
,Bought laptop from Amazon for first time. Got new one in good condition. Good for gaming. Using it for many months and have not faced any issues.
,"(1 month usage update below)

I read a lot of reviews before I got this. Things that I was concerned about -
- might seem plasticky
- keyboard and trackpad might be uncomfortable
- weight
- size
- speakers
- heat for regular mobile usage (couch, chair) while not gaming

I have not used it for any gaming yet so don't have any observations around that.

Overall - does not feel plasticky at all. Nice premium feel overall. Looks and feels great.

Keyboard and trackpad were my biggest concerns but they are good. I don't have issues. Keyboard is super nice to type. Takes some getting used to - especially around the backspace key area. Typing speed was around my usual 75 wpm.

Size and weight - fits my laptop backpack which used to fit a 14"" Razer Blade. It is largish but not crazily so. Using it feels like having a monitor on your lap. Gorgeous display and nice to use, see and read. Definitely heavy but manageable.

Speakers - good enough for me. I had no issues. Sufficiently loud and clear.

Heat - I intend to use this on the couch or chair a lot and didn't want it to be uncomfortably warm or HAVE to use a lap table or desk. It is cool always (not gaming) and very comfortable to use. I use it mostly in the quiet mode and it really is completely quiet. Absolutely no concerns here so far.

Pricy as usual in India but overall very happy with the purchase. Hope it lasts me a while. Recommend big time!

****** Update after 1 month of regular usage *****

Quiet Mode is very cool and quiet but takes a lot of performance away. Switching to balance is a huge boost in performance. When connected to power, balanced mode seems like the way to go.

Battery - I keep mine to battery saver (60% charge only). With 60Hz refresh rate, quiet mode I get about 3 and a half hours of battery life without gaming for regular usage. I find this quite reasonable for my usage currently.

Gaming - I only play AoE2 DE. That works just great.

Issues:
- Occasionally, Fn + R will stop changing refresh rate. The only solution I know so far (haven't researched enough) is to reboot. But refresh rate can be changed from Advanced Display Settings even when Fn + R stops working.

- Very rarely, trackpad can be a little annoying during gaming but easy enough to switch off.

- Not an issue, but an annoyance - some Lenovo advertisement for some performance services used to pop up in the first couple of weeks. Haven't noticed it recently.

- I still hit num lock instead of backspace after all these weeks :-)

Most issues are quite trivial and very manageable.

I still like this laptop very much and will keep the 5 stars."
,"Ok so this is a great gaming laptop no doubt...
Happy using this laptop since 1 week and I found that the battery life is not so great but it's ok like you cannot expect a good battery life with any gaming laptop.
Performance is just too good like it's hard to believe the performance it gives with the RtX 3060 gpu with the AMD ryzen 5800h cpu inside.
Recommended to play game while charging it as it will give you great performance. No problem with backlit keyboard in my unit and I think it's just the software issues many users are facing with keyboard.
Build quality is awesome and the body can get heated very much so be careful about that while gaming.
The QHD display with 165hz refresh rate is very nice and is so good to play games and watch movies on it.
The laptop and its charger combined are very bulky (3.5kgs) and not advised to carry around but it's ok...
You can buy this laptop without any doubt..
Overall it's worth it!"
,"I upgraded from a Macbook Pro 2018 Touchbar model. My reason was simple. Big Sur was lasting me barely 4 hours and my keyboard was giving me trouble. I still havent managed to sell that model but I'm sure I will soon. Anyway, I have used this long enough to know what I like about this and what i dont like. I think most things will be fairly obvious and my review is one that is ideal for someone who is well versed with the Macbook Universe. This is my 5th Macbook and the first new one I have purchased since the 2015 model. Usually I buy used models and they seem to run fine. But this time the price and the value proposition and the fact that there was very little difference between the used and new price made me buy this on a 3 month emi.

Pros of m1 macbook pro -
a) BATTERY A+ I love not having to charge this macbook. If I charge it to 100% on a Friday Evening and use it at night for 2-3 horus, use it on all of Saturday for 3-4 hours and use it for 2 hours on Sunday, I will probably be left with about 30% battery. That is a big deal. But Apple is not without blame as they keep giving less battery with newer Mac OS. I will talk of that later. Of course if you have brightness on full blast and are doing video converting the battery life may just be 8 hours but I can guarantee at least 10 hours screen on time doing whatever you want. I charge my Macbook once it reaches low levels. So far I have used 18 cycles and the battery is still at original 100% capacity. I expect it deteroirate to 90% in one year and maybe down to 81% after 24 months. I will update you i promise.

b) Display - The display has improved from 2018 model. It is brighter, sharper, youtube videos and MacOS looks almost perfect on this display. Since there is a lockdown I havent taken it out much but it definitely lesser reflective than the 2018 version so that is a good job.

c) Keyboard - I liked the 2018 keyboard but after 45 days of using it when I use the other keyboard, I feel that this is so much more enabling. The keystrokes are good. It took me 7 days to get used to this keyboard but now I am happy they made this transition. All keys are working very well.

d) Power - When I use this to convert a video file, it usually gets done in about 240 seconds. The max time it ever takes on FCP is like ten minutes. It is obviously faster on opening tabs and the basic but yes the power is good.

e) No Heat - My 2018 used to get very hot but the M1 Macbook Pro is always cool. I keep this on my stomach when I am lying down and it never warms up. I have heard the fans operate just 1-2 times in 45 days of owning this. So thats a major plus and something you should not take for granted. Heat is the biggest enemy of battery life.

f) Improved HD camera - its gone from a 4/10 to a 6.5/10 and apple still needs to improve.

g) At Rs 1,17,000 i think this is worth the price. You can keep this computer for at least 3 years and sell it for about 50% of the price which is acceptable to me at least.

h) The touchbar surface is a little more raised and not flush like the 2018 model. This makes for better use. Also the touch id button is better to the touch. This is a good imrpovement.

i) The trackpad remains best in class. Fun to use.

CONS

a) SCREEN gets dirty, smudged up after use. This is really sad. I bought some equipment from amazon to wipe screen but they are not helping. No matter what you do - the screen will get ugly and have marks over time.
b) 2 usb c ports are not good enough as when placed next to one another they are often difficult to use. Also now I can;'t always use my charger as its easy to reach only on right hand side but not the left hand side. So like now when I am typing, the macbook is on battery. These guys should give one usb c port each side.
c) The sound is about 80% as loud as the 2018 Macbook Pro. They have made it a little quieter. This is not acceptable apple.
d) MacOS next generation will again kill its battery performance. I can't believe Apple made me upgrade to a new computer by slowing down the older Macbook. This is bad business.
e) Mail app has become poor and also I am noticing the Macbook is never indexed properly. So for example, Mail will take a lot of processing power but not give results. I have just 4 accounts linked and think this is not acceptable. Gmail website performs way better than apple inbuilt email.
f) Apple ends up taking gb of data in cache and 70% users dont know how you have to get rid of it. Every apple user has to buy clean my mac. why can't apple itself become better on this front?
g) I need a camera as good as my iphone and this is nowhere near.

CONCLUSION - This machine is worth the asking price. I am leaving 4 stars for now and will update in six months time.

If this is your first macbook, you will fall in love with Apple again.
If you are upgrading from a recent macbook, you need to read this review again.
If you are stuck on a 2015 or older machine, just buy this."
,The best thing I’ve ever bought. Worth every penny
,Good
,"Been using it almost two weeks.

I'm removing 2 stars due to the following issues:
1. Wifi is intermittent despite of being near a 6 antenna asus wifi 6 router! This is unforgivable.
2. SSD soldered onto board, this is really bad new because I used a macbook pro for 7 years before this, one of the good top of the line models before they went touch bar etc, after a battery upgrade it's SSD died, and turns it it was a transitionary model and thus no off the shelf replacement is available. Now with the SSD fixed on this new model, and SSDs having a finite write cycle count, with the current swap file usage, it will render the machine dead prematurely.
3. Terrible keyboard.
4. GPU, the good, it's fairly capable but it can't drive the high pixel count like a dedicated power guzzling GPU, still very commendable for it's power consumption.

Should I return the machine or got through the hassle of going to an apple care facility to get the wifi issue sorted out, I'm not confident they will even sort it out with it being intermittent. For this kind of money, ouch! Yet to decide.

I've succumbed and using my monitor's wired network via TB4.

The pros of this machine:
1. battery life, nothing comes close to apple silicon.
2. macos, love it, hate it. For a developer it's fantastic, though windows has come a long with WSL2, still this beats if for it's bsd-ish backbone.
3. touchpad, best you can buy.
4. speed, with all it's m1 max and shared fast ram, formidable.
5. quick charging & magsafe port.
6. excellent screen, hdr at 1600 nits is quite something. high contrast, not sure about its colour accuracy.
7. seems well build, time will tell.

This is a tool, if it pays for itself, it's worth it, as a portable with great battery life and performance, it's hard to beat. The main thing is the batter life for me. YMMV.

Thumbs up."
,"This is my first Macbook ever and I can already feel the power, os optimization and speed etc. Even My 9th gen i9 with 32gb ddr4 ram with rtx 3090 cant beat it in video production, editing, rendering specially playing my Canon R5 4k 8k c-log 3 videos so smooth without a single frame drop which my desktop couldn't dream of. Amazing apple hats off to you. Though you can't gaming like my desktop would but it's not meant to. If you do creative works like video production editing and all then definitely you can go for it rather investing huge amount on a desktop wich cant reach half performance like it. Full 5 stars. I bought it from Amazon authorized seller so no worries of any quality issue."
,Truely good
,"Best offer ever got from Amazon. With exchange of my old laptop and bank discount Apple macbook pro ( M1 chip 2020 ) got for just 80k.
Quality of laptop is superb with high performance speed and ram management that what apple product famous for.
Batter life is awesome on M1 SoC, got 4 days without charge tunning daily for 5hrs with coding and surfing stuff. Standby without charging goes for more than 15 days to get all battery drain"
,"Device crashes every time I plug in its charger.
Microsoft is unwilling to replace the device with a new one despite the manufacturing issue happening within 3 months of purchase.
Better to buy an Macbook Air + iPad Pro + Pen, when Apple at least can repair/ replace a device.
Spent way too much money for a horrible after sales experience and harassment."
,"Apple Ipad+Macbook bought separately is a better option. Moreover, it's not available in India for a very long time now."
,"It was either this or an XPS 15 - usually what reviewers pair this up with.

All the reviews are correct, this machine is
- a bit overpriced with a less than optimal chip
- lacks any USB-A ports (only has two USB-C), except for one on the power brick
- Insult to injury by asking the user to pay an additional $120 for the slim pen 2
- Heavy and uncomfortable to cuddle with on your lap
- Slim Pen 2 feels light and cheap, and the edges(near the erasure) dig into your skin(there's a bur on the
edge from the molding)

But. . .
+ Screen really is nice with good colour
+ well built, minimalist
+ pen, keyboard, and track pad experience very solid

I bought this because I really I needed a mid-range performing machine that can do the occasional photoshop/mark up (I'm an Art Director) for overpaint reviews and can dance around TEAMS, Google enterprise, watch movies, etc. Doesn't have to be highend 3D machine or a one stop video editor - I have my desktop for that.

The Tomtoc urban bag fits this machine pretty well.
https://www.amazon.ca/gp/product/B0851F8Q7W/ref=ppx_yo_dt_b_asin_title_o00_s00?ie=UTF8&psc=1"
,"I have several Microsoft Surface Book 2 laptops with both Windows and Linux, and I now am slowly switching to this Laptop Studio for my work. I'm a software developer so need something very powerful, and this machine is able to keep up. I don't love that it only has two USB-C ports, but I also have an older upgraded Power Supply which allows me to connect to a monitor, USB-3, Ethernet, etc. That's a pretty essential upgrade. Other than that, I run all kinds of heavy development utilities on this thing all day long without any major problems, both in Linux and Windows. And it's (relatively) light and modern-looking, so I don't feel embarrassed among all the Apple people."
,This surface laptop is being used for 4th year studies in the Industrial Design program.
,Unable to rate as purchased as a Christmas gift.
,"única queja que no llego con teclado mexicano, con la tecla Ñ y aparte se atrasó él envió porque hubo cambio"
,
,Detective pics delivered
,This machine gives you a premium feel while using and assures you a good user experience. Always a big fan of Dells build quality. 💯
,"Hi Folks,
I bought this from the offline Dell Store, and was able to crack hell of a deal.
First thing first, the machine costed me 1.20 lacs (which is way more cheaper than the online market and in fact the Dell online site says 1.43 lacs currently
With the laptop the store guys gave me, a Dell wireless keyboard and mice combo, a dell bag, a 64 gig pen drive & a sleeve :-) what else i could ask for (another free laptop may be!)
As far as the performance of the machine is concerned, it is very much curated in my subject line, and do note that im a macbook pro user from last 8 years!

Big thumbs up from me for this laptop and you should go for it if you have the budget and need a perfect windows machine
Good Luck!"
,"Positives: Build Quality and Finish, Screen, Brightness, Keyboard, Sturdy, Fingerprint sensor, Windows Hello, TouchPad, Battery life and charging speed, Cool and Quite operation, Super portable, Thunderbolt port, overall configuration, Very premium looks. Warranty!

Could have been better: Camera and Audio

Negative:: PRICE!, Availability of ports, No sleeve or bag included. Charger heats up."
,"Got directly from Dell official store for 1.8 L along with sennheiser headset 350bt worth Rs 7000 (absolutely free), Ultimate deal.
Evo platform is fabulous, working excellent."
,A very good laptop with a very great design. Excellent build quality aluminium frame with a full hd display. But the battery life is up to the marks.
,"There are better options available. Request Dell to rethink before pricing. And finally give us options with AMD processors, especially now AMD processors rules!

Get yourself AMD, Thank me later!"
,You could buy a way better laptop for half the price..or build a desktop that is an absolute beast machine.. won't recommended at all
,"Nice products
Asus"
,"Screen quality is substantially low, you could see little or less effect of anti-glare. Performance is also in the mid-range. All in all you can buy this laptop if you're not expecting too much from it and have a small budget. If you want this size laptop you definitely have to spend 5-7k more on heavy players in the market. Adapter is quite compact and windows apps need activation. Better than buying a used laptop or a chrome book."
,If u are tight on budget u can buy not bad at all but dont expect too much
,Performance not good
,"Laptop camara not so good
Laptop Qulati average
Is most important not so gaming's laptop
Sound best ha
Back light keyboard nahi ha
Office provide nahi ha
Hd Display ha"
,It's a good but it's made china this the reason I like it not heavy but good if you want to play normal games like for guys and rocket league you have to do settings that you can watch on YouTube
,"i have revised after 2 month.
This product right for online study."
,"Screen quality not good.
However the product should meet the basic tasks."
,"Well, it may or may not be the future of laptops, but on this one at least you are stuckup with win11 home to the end it seems as you cannot boot from any other device (usb flash / dvd drives) unless it is a rescue disc created by the running win 11 system, the bios boot option is one and only one ""windows boot manager'! which in itself is not a device and you cannot change this by any means (I have tried all possible ways, it is not possible) so if you are happy with it, then purchase it else not.
Performance as it is can be termed as very good
Ms Office home , norton antivirus is pre installed without license so you have to purchase a license key additionally if you wish to use these beyond the trial period of a few days
I am totally disappointed not for the performance but because I like to be in full control of the device which in this case is not possible so only 2 stars for the product as it boots up and shuts down as expected off an ssd.

After 2 days of struggle I called acer service to make it possible to boot from usb devices and the service person visited and whatever he tried (mostly changes in bios security settings) simply made the pre loaded win 11 also non bootable and not repairable, as per my habit I had a rescue disk already made out of the installed system and a backup image prepared from the win 11 in spite of which the operating system remained useless and I had to go back to a fresh install of windows 10 from my own win 10 install media and then upgrade to win 11.
After 2 months :
After lot many tries I've found out that fedora 34 onwards can be installed from usb drives on this hardware and may be other uefi compatible ones too may get working on it. The performance is fine so I am increasing the rating from 2 to 4 stars now, 1 star less for absence of ""caps lock, num lock, BT etc. "" indicators on kbd and a narrow viewing angle for the quality FHD (1920 X 1080) resolution ."
,battery is too weak
,System is Fast and OK. Good. But its Display is very Poor. Battery is also draining Fastly
,very bad display and battery is very low and also it heats up faster
,Very nice product
, With 8gb ram and 512 gb hdd and core i3 11th generation performance is good but display quality is so poor also i noticed video playback is different then usual it does play 4k videos on YouTube but felt like playing on 720p. Not problem as such but if you intend to use it more for video watching it is quite literally waste of money rest everything is fine sound quality is not so good but I guess that is the case with every manufacturer now days your phone may out perform in terms of loudness .
,You like the product in this price range product is very good i5 in 40000 we can't buy i3 in this price thanks Amazon for this deal.
,"Immediately on opening the pack, i am using it for the first time. At the outset, it looks very good. Rest, only when i start browsing and using the apps, i will come to know the real performance of the system. Hope, it would give trouble free performance."
,"For everyone looking for a premium laptop (i) feel, Lenovo is one of the fiercest competitors in this segment. Their high-end performance is often credited, and there is a varied consumer base for it.

From students to gamers to even working professionals - they've all found Lenovo laptops within their range. The specifications of a Lenovo laptop are versatile, and there is one on every budget. The hardware functioning is said to be extremely dependable and durable as well.

Just camera quality is need to be enhanced."
,As per the price it’s good. Don’t expect a lot. Overall it’s okay 👍
,"Product is good. Slow in processing (relatively) despite SSD. And the screen despite Full HD , not clear if viewed from angle."
,Product is good
,"Its okay !! Not upto the Mark one
Normal Very Average Laptop
Screen quality is really disappointing one
Have High Heating problem
Battery draining really fast"
,It’s just 2week and now only it stared better draining problem. Please help me out
,"It is very basic model, built quality meterial is not good, if you are going to use for normal surfing it is good, no lan support, check again before buying you can't return the product only replacement."
,Over heating issue while changing laptop or working with connected Charger
,"DECENTLY FAST LAPTOP ONCE YOU SET IT UP!
First: Once you start it after unboxing and set up the windows, it will perform slow for a bit. Don't worry. Go into settings, windows update, and download all updates & restart to install the downloaded updates. This will take some time. Be patient.
Second: When all windows updates are installed and the OS is upto date, for the time being, uninstall bloatwares like Prime video, Instagram, WhatsApp, xbox etc. Clean it up as much as possible by removing unnecessary apps. Set up McAfee Live Safe by opening it up from app tray.
Third: Most importantly, this machine comes with Windows S mode i.e. you can only download apps from MS Store. If you want a decently fast machine, stay in the S mode. Forget Chrome, use Edge browser built in. Its based on chromium only. If you want to slow the machine down, Google how to get out of S mode.

Conclusion: For the price (similar to a chromebook) it is a good laptop for browsing on Edge browser, YouTube, Netflix, Prime video, MS office, MS Teams, Zoom etc. All this can be done in S mode smoothly.

Update: At this price point, the keyboard is of really good quality. Typing experience is good. Amongst the chromebooks and Travelmate and other laptops at this price & size, I think this was a good choice for me. Feels premium compared to others and works well for my usecase."
,"If you want to learn basic programming to enhance your skills towards the job purpose than definitely go for it without thinking multiple times bcoz I also bought this for myself to learn ms office so that I can learn and earn in a job fields.
Notes - who wants to buy their first ever laptop through their parents and do some notes, browsing and little bit of entertainment purposes i highly recommend them.
But yes do one thing buy some accessories of this laptop such as screen guard keypad cover and trackpad protector and bag especially and if you're facing problem to searching all the accessories than reply on my comment I'll help you for sure"
,Best budget laptop
,ok but overheating lot while using
,For study....slow process heating
,"#Definitely worth the money
#dose the job
#In this range it's the best
# battery backup is good ⭐⭐⭐⭐
Good for online classes
Loved it.."
,"Good product , nice battery life, light weight within premium quality and finishing. Very good for office and home use. Light slow in multitasking."
,"Received this yesterday (04/03/2021). Prompt delivery by Amazon (as expected).

Clarifications/issue points:

1. It’s a plastic body and not aluminium.
2. Hinges do not lift the lower part of the laptop.
3. Fan noise is there and it tends to get a bit hot.
4. There’s no special point on the edge of the lid to easily open it. You need to struggle a bit.
5. Battery life is descent with normal everyday usage (apprx- 5-6 hours)
6. Quality of adapter is not that good and the pin connector is not that good in terms of quality. You have to be cautious.
7. Body is prone to scratches and if you buy silver colour, then they will be visible easily. So be cautious in that area as well.
8. The packaging quality seemed to be very low. It was all dusty. I had to clean a lot. Laptop also got some dust on it’s body although it was packed well inside a plastic sheet.

Pros:

1. Configuration is best at this price level.
2. Performance is excellent in terms of multi-media usage and online tasks.
3. Data transfer from various storage devices is a very fast.
4. It’s light weight as it’s a plastic build. But the plastic quality seems to be really sturdy.
5. Sound quality is also good but not very good or excellent as boasted in the ads or online reviews.
6. Display is average and gets the job done.
7. Typing on the keyboard is really good and large keys give you a sense of good confidence.
8. You get 476 GB of available SSD memory which I suppose is good enough. Good point- it’s expandable upto 1 TB.
9. Microsoft integration is seamless and quick.

Overall, at this price budget (INR-62990), it’s a really well thought product by HP.

I’ll update this review after one month of usage."
,Awesome purchase thanks Amazon fo this product and one day delivery
,"As soon as I found 11gen Gen i5 at ~62K I got stuck at it & after reading some initial reviews placed an order. Got it at promised time. Here's my review after 3 days.

Build & Looks are awesome. Very thin & sleek. Silver color adds to the classy looks. HP logo shining at the back further enhances it appearance. 1.4 Kg is not too light & noticeable. People complaining about placement of Power Key button beside delete button but believe me it'll hardly ever come your way. The plastic feels like metal. The screen doesn't lift keyboard. Typing is a pleasure.

Performance is just awesome. Boots in seconds (5 - 6 sec) & same way it shuts down. Finger print unlock is superfast. Apps opens in no time. Gestures works perfectly. All thanks to 11th Gen i5, 16GB Ram & 512 NvMe SSD.

Features: Comes with ""Office Home & Student 2019"" (didn't checked is it lifelong). Dropbox 25GB for 1 year also available. Comes with some HP apps & Express VPN as well. HP quick drop helps you transfer files from your phone easily. It has Type C charging point but not sure if it is delivery charging or receiving charging point. Keyboard is backlit with two setting (full & med bright).

Display: Didn't checked in daylight but at home it is very bright. Watching videos in FHD IPS display is a pleasure.

Camera is 720p Camera is OK. Pictures & Videos are grainy. I won't be using it much so I'm fine with that.

Speakers is unbelievably very loud & clear. At 67 its was reaching all across my apartment. Speakers are on the two sides below keyboard.

Only drawback I noticed was charging pin is too tight to push & pull out.

I will be posting more updates on performance, battery etc & also my overall experience as I keep using more & more.

Update after 2 weeks:
After lot of research & by doing practical I found that this Laptop can be charged by a Type-C charger. Believe me this is an exclusive piece of information, not many people knows this. HP call center didn't knew this, HP Showroom people don't know this, even when I asked question here someone provided wrong answer. This is an important information they should have mentioned in product detail that this Laptop supports Type C charging. I'm using HP original 65 W Type C power adapter to charge it. Attaching a photo. I did some research myself & found its USB Type C port has Power Delivery (PD) which is bi-directional, so a device can either send or receive power. After reading this I ordered the Type C power adapter & it worked."
,"Everything is good. But I am little bit disappointed , I was expecting better battery backup."
,Daily office work
,Value for money ofcourse.
,Ok
,Good..
,This Laptop is osm in this budget
,Gd from all in the sense of money
,Dislike is not having keyboardback light
,Good to daily use without games and heavy softwares
,I use for office porpose .i see lot of -ve reviews for the seller in Google but for me It was good
,"In rare case, I observe that sometimes its Keyboard pad stuck.
Laptop Hang issue"
,How one can trust the purchase of goods as I paid a higher price for the same product a few days back & got the product only yesterday.Today price 27517
,Disappointed as screen is not hd as mentioned in description.also not having any warranty details with laptop come. Overall product is ok.
,OK GOOD
,"Device is working properly,light weight,looking nice"
,"I am using this laptop from 3 months now.
It is working good speed is good"
," Pros:
1.Good laptop within this price range.
2.15.6 inch screen with antiglare feature.
3.Comes with MS Office installed.

Cons:
1.Sound quality is normal.
2.Web cam quality is normal.
3.No lights feature for keys.

Final Suggestion:

You can for it if you are looking for decent laptop for 25k range after all the discounts."
,Good and nice laptop . good for students and office work . Light weight
,"At features and price, this is a good laptop. The screen quality is decent and the setup is convenient. This is running Celeron, so obviously there's no gaming for this machine. It's unfortunate, but that three month game pass is pretty much useless. MS Office setup is easy and straightforward.

There are a few negatives. First, the wire going from the laptop to the screen is very visible at the hinge. This is a potential point of failure and I think it will affect the life of the laptop.

Another annoying aspect is the continuous upselling attempts by Lenovo. The laptop includes Lenovo Vantage software, which could be necessary for some aspects like firmware updates. However, Lenovo keeps pushing users to buy additional software coverage, including by throwing popups on the screen while you work.

Some annoying issues, but I think it's overall a good laptop."
,"DECENTLY FAST LAPTOP ONCE YOU SET IT UP!
First: Once you start it after unboxing and set up the windows, it will perform slow for a bit. Don't worry. Go into settings, windows update, and download all updates & restart to install the downloaded updates. This will take some time. Be patient.
Second: When all windows updates are installed and the OS is upto date, for the time being, uninstall bloatwares like Prime video, Instagram, WhatsApp, xbox etc. Clean it up as much as possible by removing unnecessary apps. Set up McAfee Live Safe by opening it up from app tray.
Third: Most importantly, this machine comes with Windows S mode i.e. you can only download apps from MS Store. If you want a decently fast machine, stay in the S mode. Forget Chrome, use Edge browser built in. Its based on chromium only. If you want to slow the machine down, Google how to get out of S mode.

Conclusion: For the price (similar to a chromebook) it is a good laptop for browsing on Edge browser, YouTube, Netflix, Prime video, MS office, MS Teams, Zoom etc. All this can be done in S mode smoothly.

Update: At this price point, the keyboard is of really good quality. Typing experience is good. Amongst the chromebooks and Travelmate and other laptops at this price & size, I think this was a good choice for me. Feels premium compared to others and works well for my usecase."
,"If you want to learn basic programming to enhance your skills towards the job purpose than definitely go for it without thinking multiple times bcoz I also bought this for myself to learn ms office so that I can learn and earn in a job fields.
Notes - who wants to buy their first ever laptop through their parents and do some notes, browsing and little bit of entertainment purposes i highly recommend them.
But yes do one thing buy some accessories of this laptop such as screen guard keypad cover and trackpad protector and bag especially and if you're facing problem to searching all the accessories than reply on my comment I'll help you for sure"
,Best budget laptop
,ok but overheating lot while using
,For study....slow process heating
,"#Definitely worth the money
#dose the job
#In this range it's the best
# battery backup is good ⭐⭐⭐⭐
Good for online classes
Loved it.."
,"Good product , nice battery life, light weight within premium quality and finishing. Very good for office and home use. Light slow in multitasking."
,"Good initially,later i will give all details"
,"This is one good looking laptop. It's light, sufficiently powerful to run office and some light apps with email (i use it as a travel machine, so that is all i need to do with it. If i need to do other coding related work i use it to RDP into my work desktop). I recommended this to four other people two of which are students and use it heavily for taking notes, attending classes etc., and i have not heard them complain once. Excellent battery life.

One issue with the newer models is that they don't charge over USB c. My nephew has a older model of the same laptop which charges over USB c. Maybe this is some cost cutting gimick Lenovo has started pulling. Also my laptop shows no indication that it is charging when it is powered off. For my newphews machine, the led is on when it charges. There is also slight light bleed on my lcd from right right edge when the screen is pitch black but for all other laptops this problem doesnt exist. None of these are major issues but please be aware that Lenovo is pulling cost cutting gimicks in the new model.

Overall I would highly recommend this because if you are looking for a small laptop or two in one which is light and portable, there is literally nothing else in market that you can buy in this price range.

Some people use iPad or Android tablets for on the go work but I just could not do it. Bad software support on both (stripped down version of office, no support for wine on Android) and clunkly folio cases with bad keyboard and no mouse pad make tablets a really bad decission for anything other than content consumption and note taking with a stylus. You should only buy a tablet if those are your use cases. This machine though is the best of both worlds. With 7 to 8 hours of battery life it can pretty much couple up as a tablet.

There was a time when this machine used to come with free active stylus. Now, it doesn't. I don't even know if it supports stylus any more, since Lenovo seems to have gone completely silent about it in documentation.

All told if you are looking for a probable laptop to do some light but real work using Microsoft office, obsedian, notion etc. and have budget of twenty K this is what you want to buy. If you are a student with typical student use cases and don't want to play demanding games, again buy this machine. If you want to buy laptops for elders in the house, buy this laptop. Hope this clarifies and helps people make a decission depending on their use case."
,"Initially there are issues with touch screen and windows updates, i have tried lot of things which didn't worked, even a service person didn't done anything, after all these things i have reset the pc. Then it's working normally."
,"Budget product ... Need to give option for increasing memory.
Got exchange value of my DELL latitude ( i3) of Rs.8750."
,Good laptop
,It is a good design product. But cannot be used to paly games.
,Good product for normal uses .meets all routine requirements of laptop and tablet..go for it
,"I'm going to leave an HONEST REVIEW, I read others, and some people commented about flaws of multitasking, speed being slow etc. etc. I haven't purchased a LENOVO laptop ever in my life, THIS IS MY VERY FIRST LENOVO PURCHASE, so this review is completely UNBIASED....so let me run a detailed review at a price point of about 20k and small ram and storage, I bought this simply for basic purposes (youtube, writing, social media, emails etc.)

Screen: BEAUTIFUL, runs 1080p wonderfully, produces a good picture AND IS TOUCHSCREEN WITH DETACHABLE FEATURE MAKING IT A TABLET!

MultiTasking: I currently have whatsapp running, 8 tabs open in chrome (1 which is facebook, 2 are youtube, 1 is insta etc. and I have edge open) IT IS RUNNING SMOOTHLY. It is a mini powerhouse and is running beautifully

Detachable keyboard: works like a charm and has nice keys, the screen pops in like a puzzle/lego peice

Another beautiful benefit is there's no huge laptop kind of fan / outlet! LESS NOISE! LESS HEAT!

Battery lasts very long 8 hours give or take depending on what you're using it for (videos and streaming naturally will use more battery)

Speakers: On the Standard Size, but it is Tablet like, so that is to be expected, sounds like a standard tablet/mobile phone but audio quality is quite crisp and enhanced, but you won't get surround sound deep bass effect.

It is not meant for gaming, so don't give it aa bad review if it can't run your favorite games, it is a budget laptop that is extremely mobile, extremely portable 2 in 1 type, perfect for web browsing, video watching, email checking, word processing etc. I gave it 5 stars because it met all my requirements and the screen is absolutely beautiful! Runs 1080p videos crystal clear!"
,The preinstalled antivirus was a 30 day trial version
,"Best for normal browsing, students and basic office work, the quality of the body part can be improved...

The packing was nice and delivered safely on time"
,Quality and Condition Good
," Working good you can go with this product without any hesitation... But screen side should be 14 inch but it's not bad ,1st time i am using 15 inch screen.. All over it's very good 👍."
,"Decent Laptop for Work, meetings"
,"Anti glare is ok.
Screen quality is below average.
Easy to handle.
Light weighted."
,Quality is great but the packaging is not looking perfect.Smooth finish with adorable design. The one thing that is not fit by HP is that it is a Chinese Company.
,"This laptop is perfect for home and student use. Don't get blindsided by the negative reviews. The item arrives in sturdy packaging which prevents it from damage during transit. I myself use this laptop for university online meetings. This laptop is not meant for high graphics gaming, low-resolution games are compatible. Rest assured is fine.

Benefits:
- Heat: No heating issue. While charging only the charging adapter and battery gets warm which is quite normal.
- Charging time: Gets charged in 2hr 30mn (0-100). Playback time (normal usage)- 4 hrs.
- Boot time: 10 secs switch-on & switch-off.
- Writing speed: USB 3.0 (output to input) gives 80-120 Mbps writing speed.
- Display: FHD display, Antiglare display lets you stream Netflix, Youtube & many more from any angle of the laptop.
- Sound: Based on a laptop system, the sound is quite good. I hear music at volume 40/100.
- Touchpad: smooth.
- Pre-activated Office 2019.

Note:
- Purchase a Saco silicon keyboard cover (black) as the visibility of the default key prints in daylight are not so efficiently visible.

- As shown in picture, the laptop must be kept above any plain hard surface so that the air circulation keeps running and does not gets heated.

- In many reviews, you will find that the laptop is getting heated, the worst laptop and all. But one must know how to use it properly.

- At first, I was thinking of purchasing the same model only with Ryzen 3 4300U processor. But I changed my decision and stuck to this only. Because as compared to 4300U, in this laptop 3250U one gets 15.6 Screen, RJ-45 Port, 1TB HDD, calculator keyboard.

- Don't confuse yourself with the processors, someone will say quad-core is better than dual-core, and don't purchase this laptop as it is dual-core. But trust me for home and student basic usage, this laptop is more than enough.

- If one plays a game or performs multi-high tasking software, then the laptop fan runs at high speed which is a bit noisy. But don't worry its normal only.

- DDR4 2400 mghz is sufficient for a student and basic office meetings use.

- Do check the warranty on HP's official website by entering the serial number which is present at the laptop base or product box.

That's all folks!!!"
,"The screen is absolutely gorgeous for Media consumption. The 16Gb Ram along with 512 SSD gives a smooth experience for day to day regular tasks like browsing, media, blogging, etc.

The finger print sensory wakes up the laptop quickly.

Comes with Windows 11 which gets activated quickly

**NOT for Gaming and Photo Editing:**

Do note that the Iris Graphics card along with I5 processor is no way suitable for photo editing and other intensive activities. Even with Kirta the laptop struggled to make quick changes to some minor photo editing.
It goes without saying this laptop cannot run games and you may have to face lags even with lower resolution of 720p."
,"The laptop is class apart! Good aluminum build, great resolution, Thin and light.
Its been the 3rd day and here are a few of my observations:
1. I had order a Windows 11 edition but received Windows 10
2. Fingerprint sensor not working
3. Few Windows security patches are reported missing
4. Cortana does not work
5. Windows Hello does not work

Amazon has been notified already and I will share all the required details they requested for."
,"I don't see any extra ordinary compared to anyother laptops..may be price is Little less but every thing else is similar compared to many other i5 laptops
Will update after using for 3 months."
,"Cons :(
Bad Sound Quality
Only Light/Casual Gaming !"
,"Bios is not good. You will face problems in Virtualization and other Bios related stuff. Because Bios is designed by Mi, So it doesn't have many options to modify or change according to your needs. Overall performance is good. But Amazon doesn't help you with any kind of assistance regarding product. When I got my product, packaging was damaged and in few days of delivery, Display bleeding starts. So I visited Mi Service Center but in terms of laptop repairing, Staff is not qualified. So If You just want it for games and others stuff, you can buy it. But it's on your luck product could be deliver in good condition or If you're not lucky enough, Mi service center will not help you with this product."
,Thl thak
,Superb quality only battery issue
,"I wanted to buy this laptop for two reasons. One, for its good camera quality and a good battery life. The camera quality is excellent as mentioned. But, the battery life isn't. I was expecting 8 hour battery life but it wanes away within 4 hours."
,"I'm writing this review after about 10 weeks of usage, so it's based on a mixture of the purchase criteria/comparisons and actual usage. I wanted a no-frills laptop which was powerful but inexpensive. I looked at the Dells and Lenovos within the sub-60k price range but finally settled on this. Two and a half months later, no regrets.

You need to be clear what you want and what you’re getting because this config won’t satisfy everyone. Given below are my criteria for choosing this and a comparison of how this fares against the others I looked at.

CPU – Wanted an 11th gen i5 and this one has an i5-11300H – not G – so it has adequate power for the next few years.

RAM – I wanted either upgradeable 8GB RAM with a free slot or on-board 16GB. Through the years, my experience has been that buying a budget config laptop and doubling its RAM after a year or two really extends its life. Today, that means buying 8GB and upgrading to 16 later. Well, this one has 16GB out of the box so it should last a few years.

Graphics card – This doesn’t have an external NVIDIA card. So if you’re editing videos, playing graphics-intensive games or programming neural nets, then don’t go for this.

Touchscreen – Didn’t want to spend money on this. I’m fine with a good quality trackpad. If you want a touchscreen, you’ve got to either raise your price point or compromise on something else (RAM, screen quality etc) at this price point.

Screen Brightness - I wanted a screen bright enough to work outdoors in the afternoon and pretty much everything from the standard brands fell short on this front. My reading of the market (as of June 2022) is that you have to spend 80-90k+ on the more standard brands to get that kind of screen. But I’ve used this laptop outdoors in the afternoon quite often and there’s no issues, even on a bright afternoon.

Screen Resolution, Clarity, Contrast, Viewing Angles etc – Let’s be clear, this is not an OLED screen. You want the best of those, go for an ASUS. But it is high res and sharp. Viewing angles are great and so are colours. The best feature is that this screen has matte finish. None of those irritating ambient reflections in sunlight which a clear glossy screen is prey to. If you want to sit outdoors and work (browsing , editing, spreadsheets, presentations, coding etc), this is a great screen. What it is not great for is watching movies. Nothing like a clean, glossy OLED screen with muted ambient lighting for watching Netflix.

Sound – It’s adequate but nothing great to write home about. As I said, this laptop is not your best choice for media consumption.

Ports – My laptop is normally plugged into a monitor, keyboard, mouse, power and speakers at my desk. As a result, it’s a bit of a pain to unplug and reattach so many cables every time. Which is why I was keen on Thunderbolt 4. The thought of simply unplugging one wire and walking off with the laptop was very attractive. A good USB 4 hub is expensive, so I haven’t bought one yet, but it’s no.1 on my to-buy list. Many brands seem to think that Thunderbolt 4 is a premium feature, meant only for laptops which cost 80k+. For a non-premium guy like me it’s fortunate that Xiaomi included it in this laptop.

Looks and Durability – It’s an all metal body which looks sleek. As for durability, the metal body should prevent damage from minor falls. But the least durable parts of a laptop are the trackpad and the hinges – and I have no way of telling whether these will last or not. So no idea about this.

All in all, if you’re looking for a portable, inexpensive (I got this for 55k with exchange), laptop for work and regular use, this was the best available in June 2022 at this price point. You can use it in your balcony/garden, plug it back in very conveniently at your desk and the config should last 3-4 years easily. But if you’re a teacher (or need a touchscreen for other reasons), video editor, gamer or an avid consumer of streaming services, then choose something better suited to those purposes."
,"So, let’s talk about good things first.

Display: Yes, it has a QHD display in 16:10 aspect ratio (roughly, the actual ratio is bit less tall) and the display quality is really god at this range or even at range of 1.5 Lakhs. The screen is not exactly matte, but does good job of dimming down reflections. Still, not suggested to take it out in the sun as the nit count is low and the screen does reflect a bit.

Build quality: Real metal, not a finger print magnet. Solid construction, almost zero keyboard and screen flex. I have not dropped it yet, but, I am sure it can handle one or two low height drops (when lid is closed).

Keyboard: Not Apple’s magic keyboard or a normal mechanical keyboard comfort, but the key travel is good and not a pain to type on. The keys are responsive and are easy to press due to to aforementioned zero flex chassis.

Sound: Almost all reviews I have seen of this laptop, along with a friend who bought this before me, complained that the speakers are trash and sound is really bad. However this is not the case. Sound is good in clarity and volume (for the price range), but since these are down firing speakers, they do get muffled for those people who place the laptop on bed, tummy or on some dining table with a table cloth. Of course, you cannot host a party with these speakers, but if you have normal environment with no loud noises around, you can rely on the speakers and enjoy music and movies. Also, please do not expect bass from laptop speakers.

Heating: I did not encounter any heating issues with this laptop even when I tried to put some load on it. I avoid using the laptop for anything heavy due to battery issues, so could not test heating a lot.

Now, onto the things which you should know before you regret buying this laptop:

Battery: Absolutely pathetic. Takes forever to charge with the charger that comes with the unit and about 2 hours to go from 10% to 100% using a 65w USB ASUS USB C charger I have. Battery drain so quick that it surprises me. 100% to 10% in less than 5 hours with very minimal use - no games, no videos, just web browsing (some Youtube, but no other streaming). I also tried charging the laptop to 100% and just keep the display on and done nothing on it. Battery down to 8% in 5.5 hour.

Size: It is a compact laptop, yes but it is big for a 14incher. This is because Xiaomi tried to be Apple and added big trackpad (which is not so responsive in the corners, so acts like a small trackpad anyway), and blank empty areas next to keyboard (which Apple uses for upward firing speakers). Using this on the lap or on the go is not difficult but a standard 14 inch laptop should be atleast 20% smaller than this. If I need big laptops, I can get a 15 inch screen on the same chassis.

Bluetooth: If anyone reading this ever had the original Mac Mini, you would know it had issues with Bluetooth connectivity due to all metal body. Same here. I have 4 wireless bluetooth headphones ranging from budget to premium ones. All of them has connectivity issues with this laptop. I tried connecting an external bluetooth dongle to the laptop, and that worked fine.

I/O: I will not get into details, but do keep in mind that only 1 USB port allows for display out and HDMI is only 4K@30Hz. Also, the transfer speed is not same or stable on either of the USB-C Thunderbolt ports.

Gaming: LOL. Gaming at this price point with Intel Iris? Come on, stick to mobile gaming."
,"been using it for 6-7 months now
I would totally recommend it. Excellent Screen quality, this is clearly not a gaming laptop and camera quality is good enough for meetings"
,"MI tried windows version for Mac.
Pros
Light weight
Sleek design
Fit and finish
Window 11
Fast bootup
Fingerprint works lighting
Cons
Sound quality is very poor
Personally I don't like screen resolution but again it's bone of contention
Slight heat issue comparatively much better than other brands .

Finally, in this price tag MI is offering lot more features, sleek design and comparatively making much better than others brands and without any doubt worth for each penny"
,"I am using this for Java, Android and Web development projects and this is ideal for it. I also use adobe ps, ai, ae, figma and it's having a swift performance.
Screen is superb.
Speakers are better than any other laptops except Macbook pro intel i9 16 inch and new m2 macbooks.
Keyboard is comfortable and very good backlit.
Trackpad is awesome!! I don't understand why other manufacturers don't make something like this"
,"Well, it may or may not be the future of laptops, but on this one at least you are stuckup with win11 home to the end it seems as you cannot boot from any other device (usb flash / dvd drives) unless it is a rescue disc created by the running win 11 system, the bios boot option is one and only one ""windows boot manager'! which in itself is not a device and you cannot change this by any means (I have tried all possible ways, it is not possible) so if you are happy with it, then purchase it else not.
Performance as it is can be termed as very good
Ms Office home , norton antivirus is pre installed without license so you have to purchase a license key additionally if you wish to use these beyond the trial period of a few days
I am totally disappointed not for the performance but because I like to be in full control of the device which in this case is not possible so only 2 stars for the product as it boots up and shuts down as expected off an ssd.

After 2 days of struggle I called acer service to make it possible to boot from usb devices and the service person visited and whatever he tried (mostly changes in bios security settings) simply made the pre loaded win 11 also non bootable and not repairable, as per my habit I had a rescue disk already made out of the installed system and a backup image prepared from the win 11 in spite of which the operating system remained useless and I had to go back to a fresh install of windows 10 from my own win 10 install media and then upgrade to win 11.
After 2 months :
After lot many tries I've found out that fedora 34 onwards can be installed from usb drives on this hardware and may be other uefi compatible ones too may get working on it. The performance is fine so I am increasing the rating from 2 to 4 stars now, 1 star less for absence of ""caps lock, num lock, BT etc. "" indicators on kbd and a narrow viewing angle for the quality FHD (1920 X 1080) resolution ."
,battery is too weak
,System is Fast and OK. Good. But its Display is very Poor. Battery is also draining Fastly
,very bad display and battery is very low and also it heats up faster
,Very nice product
, With 8gb ram and 512 gb hdd and core i3 11th generation performance is good but display quality is so poor also i noticed video playback is different then usual it does play 4k videos on YouTube but felt like playing on 720p. Not problem as such but if you intend to use it more for video watching it is quite literally waste of money rest everything is fine sound quality is not so good but I guess that is the case with every manufacturer now days your phone may out perform in terms of loudness .
,You like the product in this price range product is very good i5 in 40000 we can't buy i3 in this price thanks Amazon for this deal.
,"Immediately on opening the pack, i am using it for the first time. At the outset, it looks very good. Rest, only when i start browsing and using the apps, i will come to know the real performance of the system. Hope, it would give trouble free performance."
,It's light weight and with wider screen. Good performance and great battery back
,"Internet doesn’t connect properly .
Always keeps loading any video"
,look is Osm and its so light and thin laptop with big screen sound quality is good for daily normal use
,"👌👌👌This Laptop is only for students ..... Battery life is Average 3.30 hours to 4 hours Battery Backup with continuously use ....
I use this laptop after 1 Month so performance is Very good.......
👌👌👌If you are a student and you do online class continue 3 to 4 hours so you can buy this laptop without any confusion.......
👌👌👌Charging time is too good.
Approx 2 hours to 2.30 hours Full charged.......

So I am happy 🥰🥰🥰"
,Display quality could be more better.
,"The laptop worked fine till yesterday but now it's speaker and touchpad are not working properly...
Please do the needfull in above concern.."
,Screen light problem
,I am not provided booting usb drive.
,"REDEFINES BUDGET LAPTOPS
Review Date: May 24, 2022
VERDICT: DEFINITE BUY.
SUMMARY: Score: 9.0/10.
Back with HP after 14 years and loving it!
This is an excellent laptop that redefines what budget laptops offer. Looks, features, performance and battery life- all at a different level. Rivals laptops that retailed at 50k just a few months back. This is only the 3rd time in 20 years that something has felt like a REAL upgrade in technology (first was Ahtlon 64, next was affordable SSDs, and now this).
Additionally, nowadays, you get Windows and Office free for the device’s life. Solid hardware specs and useful software pre-loaded means a complete laptop that does not need any user expertise in upgrading.
USAGE: 3 days
PROCESSES FOLLOWED: 3 full battery cycles, debloating (McAfee, LastPass, some MS games), some power management tweaks
REVIEW:
Key Laptop components reviewed below with Pros and Cons of each.
 CASE AND BUILD: 9/10
Full plastic. Compact but chunky. Lid is plain. Keyboard panel is brushed finish. Bottom is matte plastic.
PROS: Looks good. Compact but chunky. Comfortable to hold.
CONS: Plain lid attracts dust and fingerprints.
 LID: 9/10
Black matte finish on the inside. Hinge is firm. No wobble. Opens to approx. 115 deg.
PROS: Seems reliable enough.
CONS: Single hinge design forces keyboard down, reducing area available for trackpad.
 KEYBOARD: 9/10
Backlit (2 levels). Separate paging keys. Lights for Caps Lock and Audio Off (no idea why).
PROS: Keys slightly scalloped, offering good hold. Separate paging keys are a life saver when working in Excel. Two Stage backlight. Tactile (but little mushy). Give it 1-2 days to break in.
CONS: Slightly noisy when typing fast. No dedicated function keys for Mic Off/ Sleep. Power button is recessed, causing some misses when pressing.
 TRACKPAD: 7/10
Area seems 16+:9 (like current smartphones). Slightly rough texture. Slight rattle when tapping. But way more reliable and smooth than Asus’ touchpads.
PROs: Smooth and accurate tracking.
CONs: Tapping is very uncomfortable (due to the clattering noise)- so dragging may not be comfortable.
 SCREEN: 9/10
Glossy screen. Gives sharp text and good contrast. Can use 14” at 100% scaling (or for older guys) 115%.
PROs: Bright. Excellent contrast. Text is sharp and readable.
CONs: Contrast and colour balance drop off below 80% brightness.
 PORTS: 8/10
1 SD Card reader (full size), 1x HDMI, 2xUSB3-A, 1xUSB-C, 1x3.5mm.
PROs: Strong suite of ports.
CONs: All (except SD Card) are on the right side. Using a mouse is a pain.
 UPGRADABILITY: 9/10
PROs: 2 separate RAM slots (have not opened, checked from reviews).
CONs: At least 4 screws are located under the 2 rubber pads. Not user upgradeable.
 SOFTWARE: 10/10
Windows 11 Home. System Encryption is available. Office H&S 2021 for life. A few bloatware- McAfee, LastPass and some Windows games. Easy to uninstall.
 PERFORMANCE: 10/10
The Ryzen 3 5300U is freakishly fast! Cannot believe this level of performance at ₹40k. Launching apps, multi-tasking, etc.- all effortless.
PROs: Super-powerful CPU. Stays cool. Also easy to control turbo in Windows 11 (unlike Ryzen 3 3250U)- setting Max CPU level at 99% limits speed to 2.6GHz. Under normal usage (setting up laptop, indexing, etc.) in peak Delhi summer in non-AC room, CPU temp was 45-55 deg C (Asus’ Ryzen 3 3250 model runs at 80+ deg C). Keyboard stays cool.
CONs: Fan response seems slow. Stays quiet for some time, suddenly ramps up to a single speed for some minutes and slows down again. Small distraction.
 BATTERY: 10/10
Battery is rated at 41.050Wh. Max was at 41.005Wh. Battery is the older higher voltage kind (11-13V), compared to the newer 8V ones. But my experience with older batteries has been much better. The newer ones dropped off faster after about 3 years. And usage of the same components would help HP keep costs in check. So no complaints.
PROs: Excellent battery life. With some basic tweaks, power usage in normal situations is between 3-5W, giving a battery backup of 8Hrs-10+Hrs. I don’t think you can ask for anything more. Compare this with Asus’ Ryzen 3 3250U model where I had to do N things to get heat and battery backup to acceptable levels. I did not have to do anything special here.
CONs: Imagine what would happen if HP gave a 56Whr battery- who needs a MacBook?
COMPARED TO ASUS:
Asus has been the leader in laptop innovations- bringing in Full HD and dual storage to budget laptops. I have 2 Asus systems. But of late they have started skimping in important areas-
 Semi-passive cooling leads to higher temperatures and frequent throttling of CPUs even in normal usages. Keyboards become uncomfortably hot.
 Screens are matte (useful), but have very low contrast (text is harder to read when documents are zoomed out).
 HDD installation kits are cheap and flimsy. I’ve seen in 2 cases where the cheap cable causes data transfer errors and Windows crashes as well (for the record, I have Windows 10/11 in 4 PCs from 1st Gen Intel to 7th Gen- and there was not a single crash in any of them).
When I bought a new Asus Vivobook a few months back, it was a big disappointment. I felt like I was back in the Windows XP days when I used to spend hours trying to get things to work. This HP has been a very good experience. Fully specced, well configured and works as it should."
,Excellence excellence in this My first Laptop.
,Best in this price
,nice product from hp
,"Let me keep this small and straight to the point. Starting from the top. Screen = Mind Blowing. Speakers = Mind Blowing. Keyboard = Good not Mind Blowing. Touchpad = Small could be better. Rest = Mind Blowing. Now let's go inside. OS = Win11 aka Win Win. RAM = 3200Mhz 8 GB can be upgraded to 16 GB aka Mind Blowing. Processor = Mind Blowing. Graphics = Don't Care. Bootup Time = 3-4 Seconds. How? Uninstalled every useless apps and closed every auto startup apps. Conclusion = Go for it. If you think twice, you fool."
,This laptop is good for general use only.Don't try game.key bord switch have some issue.some switch corner are slight upright.battery life 4 hour.
,Light weight & Good buy for students / home use - monitor screen is delicate - need careful handling. First piece delivered with cracks on the screen & promptly replaced by Amazon within two days.
