stars,complete_review
,Here we can see that product is not worth for the money very light weight that it can be broken at a single drop of child finally not satisfied with the product i suggest you not buy..
,It's size is disappointing for me as it's way too small which I have thought of.
,Rate was high
,"there is no switch ON /OFF button so its consums battery lot. new battery inserted drained in week, even not used frequently by my child"
," Baby using it for a month now and its still as good as new.
My one year baby loves to play random music on this xylophone. She enjoys it like a piano as well.
I ll suggest buying this bigger version for pure fun.

Pros : Durable, strong plastic, aesthetic is veey good, the tones are precise and clear yet loud for babies to enjoy.

Con : Yet to find one.

PS : This instrument really keeps my baby busy and away from my ipad which was a big problem for me thankfully not now.

Verdict : Must buy product for baby skill improvements and introduction of babies to various pitch sounds for better brain response.
I got it in INR582 in the great indian sale."
,"I Recommend This One For Ur Babies. Good in Color | Very Good Sound That Make Ur Babies Happy | & Best in Quality. |

But The Point is , i Bought This For 390 Rs. Then I Saw This Same Product Selling For 300 Rs in a Local Store. | Felt Heart Broken.

Verdict : Very Good Product in Quality, if U Get Below 350 Rs That's Value For Money."
,Avreg
," Very attractive. Eyes, feet and body moves cutely. Music is also good. Little one is excited to watch and follow it. Doesnt come with batteries. Looks sturdy but only time will tell how sturdy is it. Just ensure you buy the dancing one to get the moving feature. There are 2 ducks so might end up confused. Price could be a bit lesser."
,Gd
," It is a great toy with marvellous design. There are no words to express. It is an unique product. The myriads of different coloured light is simply examplary. The lights fill up the hall. My grandson was spellbound. It is sturdy. Kids can play with it without fear of breaking it. The music is pleasant and the volume is apt. It turns back when something is there. The size of the toy is very good for kids, neither small or too big. Five stars are less. It is worth every rupee."
, This is very nice and worth the buy. The toy revolves around making sound. You cannot adjust the sound or light. But it is a very good toy for kids to enjoy watching.
,This product needs 3 batteries for working. It lasted only for one day. So it cannot be worthy. But the product looks nice and doing its job.
,"Does what it should, however is a battery sucker. This needs 3 AA batteries to work. Worthy of the price and is going good for now."
,Sound quality should be adjustable and it will be more hardware to handle
,Decent
,"Good seller, quickly solved the replacement and worth of money"
,"Good sound, the rope little quaky, need to adjust again. Good product."
,"The seller was very prompt to respond and deliver the replacement as I raised a concern on the first delivered item. The product is really big in size and made with some sort of leather/ animal skin and definitely not made of plastic. Go for it and you won't be disappointed, totally recommended 👍🏽"
,"Leather membrane and wooden body, for its price we cannot get material also."
,"It's not work as i expected.
before and after replace sound is same. a little size of it which buy from the haridwar thousand time's better in sound and in other thing's"
,"Really great product in this price, would love to order again."
,Not a very good product
,I play it while doing shiv harathi
,Good product. Size is big . Sounds great. Don't understand about its metal. But it's good for Bhajan Kirtan. Go for it.
,Good at this price. Sound is ok. But go for it. Overall nice
,"it is a good product overall, the metallic sound is perfect, means the metal used in the product is of good quality."
,उत्तम आहे
,Nice tone and comfortable for use
,they have send other manjeera not the ine that is in pictures and it is not gross.sound quality not good. Totally disappointed.Very bad experience
,"Terrible coating that would come off soon. The sound is shrill. And the product doesn't match the image. The finishing is also not impressive. Returned.
Maybe at this price this is what you get and that's fine. But the picture of the product was misleading."
,The product is not at all what it is in the photo. It has hare krishna written on it. And it is painted golden which kills the charm. To the seller: plz put real picture of the product.
,"These are somewhat magnetic, so they are not brass or bell metal. They would probably sound a lot better if they were."
,I am very happy with the product
,"EASY TO USE, LIGHT WEIGHT, SOUND IS ALSO VERY SUITABLE FOR THE POOJA.
EXCELLENT!~!"
,Nice experience
,"We bought this for Church and happy with the product.

Delivery was good with Amazon"
,The product size was okay however the noise was very clamarous..
,Super product. Very good quality. I definitely recommend this product to everybody.
,Excellent
,My baby very like this products
,High quality. Sound is just amazing. Must bye. Don't think.
,1
,"The sound quality built here is very pooor. The body is built with iron sheet with colour coated, it is very lite when compared to plastic material Kanjara. The round steel layers that make sound are made up of poor steel so they are not making much great sound when used it."
,I like this product.
,"Amazon is showing same product (picutures, brand) with different sellers but product size details are not mention. When I ordered first time from seller SAI MUSICALS, product size is normal and sound quality is good. So re-purchase another to gift someone. But this time seller is SWASTIC SUPER BAND with same price range. This time size is too small & sounds are not good.

So Amazon should listed as different products with size details in website, so that buyers decide as per require size."
,Good without quality
,"Value for money product has a good sound quality plastic quality is also very good ,
Would 100% recommend it ."
,"Only piano found with this box adaptor or other accessories not available.
Overall good product for beginners to buy."
,Good for beginners.
,Adapter missing
,Value for money product go for it
,But adapter when you are buying it
,"Good original casio product.
One of the starting model but still good for beginers and kids.
Make sure to purchase adapter. As you dont get with piano
Options are good for the price"
,Good
,Good product
, Great keyboard. Looks sturdy. Have made a little video so you can take a better look at sizing and features. Enjoy.
,2歳児に買いました。商品自体はレビュー通りでいいと思います。ピアノの音もきれいです。しかしこの商品には電池もアダプターも同封されていません。アルカリ電池6本必要で、5時間しかもたないそうです。充電池はパワーが足りないので使用不可とのことです。うちに在庫してたアルカリ電池がなくなりました。アダプターを注文しようとしてカゴに入れたままにしてたら、翌日600円値上がりして2000円になってました。本体が2700円なのにアダプターが2000円ってあり得なくないですか。アダプターが別売りでこんなに高いとわかってたら買ってなかったです。前もカゴに入れたままにしてたら翌朝値上げされたことがあります。モニターするしくみがあるんでしょうね、腹立たしいですかアマゾンをよく利用してます。商品自体には星5つあげたいですが、アダプターが必要なことがわかりにくいのと、アダプターの値段が高すぎるので星2つにしました。
,
,"Sarà pure una Casio e posso anche dire che non è fatta male, ma dovendola acquistare per uso scolastico, poiché è la sola ""trasportabile"" che ho trovato per uno studente delle scuole medie, senza imbattermi in prodotti che sono solo dei giocattoli, non posso non sottolineare che costa uno sproposito: pagata 55 euro quando la versione SA-77, di altro livello, si trova, sempre su Amazon, a 56-57 euro, peccato che le dimensioni non la rendano più così semplice da trasportare.

Alla fine è un prodotto costoso che verrà presto abbandonato, sia da chi non sarà più interessato alla musica, sia da chi sarà molto interessato e vorrà/dovrà passare a prodotti ben più complessi e costosi: una spesa quasi inutile.

Giusto per la cronaca: la cosa utile è che funziona sia a batterie (6 stilo AA, non fornite), sia con trasformatore di rete (non fornito), ha la presa cuffie da 3.5 mm, è facile da usare (c'è anche il manuale in italiano) ed il volume è decoroso (ma sbilanciato su toni alti).
La cosa peggiore sono i tasti, com'era ovvio, sono piccoli e leggerissimi, potevano togliere le funzioni inutili, come le musiche registrate e i mille strumenti assurdi e spendere qualcosa in più per tasti decorosi."
,
,"I purchased this for my three year old as he’s showing an interest in the grown-up piano. I hate this thing. It is packed with annoying prerecorded tunes and of course playing them is the only thing my kids want to do - they never touch the keys despite liking the real piano. Also, useless for learners as middle C is not in the middle, so if you actually do try to play anything in the key of C - which is best for beginners - you either end up off the top of the keyboard, or if you transpose downward an octave you end up off the bottom. Finally, there is no midi outlet so I can’t hook it up to the learning app I want to use with the kids."
,"I have purchased this for my 2.5 years old who recently shown a lot of interest in his bag of basic musical instruments.
It's a great little keyboard, keys work very well, it has a few drum buttons too and the pre-recorded songs are what one can expect on a Casio. Sound is good enough and there are enough different tones and synth instruments for anyone to be entertained. It is very easy to use (within 20 minutes he knew how to use most buttons) and it's very user friendly. He's played with it every day, doing crazy things like wacking both hands randomly making noise, but also using each single key in order, self correcting.
Please note that you must buy a cable to connect to the mains, it's another £10 more or less, there are many models on Amazon, otherwise it takes batteries, but I don't know how long those would last. It's ideal to take away with you, very light. All in all a great introduction to a piano for a toddler, especially if you don't have space for a real piano and you're not a musician (I'm not but can read music)"
," Received the package within the stipulated delivery timelines. Thats great. I purchased this tabla set for my students to play on, when they come for their lessons.
Packaging:
Packing was done optimally with adequate care taken such that there is no damage to the instrument. I received it intact.
The Accessories:
Received all accessories, as committed - Tuning hammer, cushion rings, bag and top cover, although the top cover for the dagga is inadequate even for the tiny instrument size. The tuning hammer is small and light weight. As a professional player, I already have a proper heavy hammer so that also is not too much of a concern.

The instrument itself:
The dagga looked old. It feels more like a refurbished one than a brand new one. But at this price point and given that it is for learning purposes only, I don't have too much complaints.

The tabla is well paid and the pudi is well laid. I had requested for a C# tabla and was sent the same but it was de-tuned (This is expected. moreover I was able to tune it back to C# on opening). The important thing is that the tone is consistent all around the head.
What is a bit disappointing is that the tabla sound is very flat. There is no resonance (aas) and this is because they have not put a thread underneath the kinara on the pudi. I called and told them this but this is a small matter and I can fix it myself. Overall I'd rate it 3.5 but amazon would either let me do a 3 OR a 4 so sticking to three.

In conclusion, it is good instrument for the purposes of student practice at a very good price point."
,"All items included with the product was received as offered, on time. The packaging was so excellent that the delicate parts remained in good condition even after a long journey. The quality of the item was excellent. It looks fresh.
The sound quality of the Tabla is excellent, as felt by a novice. It produces sound similar to that in a music performance. This is the opinion about the instrument, on day 1 of its use."
,"Love the price, for a beginner it is apt."
,Satisfied with the product and value for money.
,"Baught it it more than a month back. Sound quality, design n all are perfect just little uneven Gajra is there but rest the Tabla is good at such low price."
,"Product is excellent, only having issue regarding thin layer of shyahi....can be made better.....rest superb"
,"DO not ever buy this product. I say DO NOT. If you want to un learn i mean UNLEARN then only go for it. SO in other words, if you have learned table since years and you want to forget playing tabla, please buy this crap and slowly and steadily you will forget playing tabla.... Beginners, please do not buy, cheap leather is not giving the desired sound....."
,Overal product received in Good condition. Value for money. Cover cloth and resting ring cloth not as shown just ordinary cloth. But ok i am happy overall. Thanks.
,good for beginners but it is quite possible to have an untuned note harmonica and then it will always be a problem to grasp the note in future.
,Less number of tunes but good for beginners
,"Good sound, vibration comes perfectly.... Best gifts for elder kids!!!"
,Good one but small in size
, If you know how to play you can create magic can be use by children aswell as professional.
,"I just bought it as thinking of being a musician but don't use it much.
Still whenever I try to play anything (Yes I learnt a few songs and blues) It plays the best.
And the best thing is its pocket size so you can have it anywhere."
,A gift for beginners middle octive sa re ga ma notes .Good quality learned bela ciao and believe learn
,Value for money..... It's tiny but sound id good..cute gift for my little one
,"Like, go ahead in near come your venture."
,Very nice product I got it for 180 Rupee's and quality and sound is very nice
,"Med size, sound is avg"
,good product
,Not value for money
,Almost Very nice.
,This product is good with low price..
,Good product but price is not good.
,"Out look nice
Sound heavy 😬😬heavy 😲😲heavy🤒🤒"
,Its very usefull to beginners and mid level players. For pro players its not recommended but its ok for all levels. Lot of options available for composition.
,"This is good for beginners. Kids as well as adults.
I have a psr670 that i’m not letting anyone learn on. Lets see how long it will last. Good for the price."
,Best piano in this price range..it's worthy..without thinking go for it
," length 33 inches, width 13 inches. made in china, but built quality and packages good. two speakers available. key stickers are helpful for biginners. No USB port. number display is not meet quality."
,item is good
,Chinese based rhythm and low sound quality...
,Nice product and quality is good
,The sound quality is decent. As a starter who bought it to try out this is perfect for me.
,This product is suitable for beginners... Dont expect much
,Quality is not good... no Return policy...
,A useless product at very high price.
,Poor quality
,This is a very interesting piece for young boys and girls in the age group 8-15. They can explore new sounds and explore new areas of music. It is a good piece as a gift for this age group.
,Good quality product nice sound value for money
, Keep it on a foam sheet or packing sheet to get sound of the singing bell. If you try ro hold it on your hand you might not get the sound because it damps the sound energy.. This is the trick.. The product is good.. Value for money.. For people who say the singing bell is not working it's good to try it in this. Method. It depends on how we keep it unaffected with absorbing the sound waves..
, For this product I will give you 10 out of 10 numbers.
,"It won't sing while resting on the palm of your hand if you don't open your hand tightly enough. Your hand shall not be curved. You may also place it on the floor or on the cushion.

The product I received doesn't have same interior as shown by the seller. There is also some white powder sticked on the wooden stick."
,"Sound is awesome, just loved it."
,Stick is missing...real bad experience... stick is not in this box.. what's the issue...
,The product is very nice and sound is very good perfect finishing thank you reiki crystal and amazon
,I really recommend this..
,"Its good, but why is there not a cleaning rod part of the kit? Its difficult to clean the longer middle section from inside without it."
,"It is available from rs 420 to rs 500 depending on the seller
A masterpiece of a wind blown music instrument
It will come for a lifetime if not misused
A perfect introduction for young children
The best hand and mind coordinator for school goers whether they learn music or not
Adults die mostly of chronic obstructive pulmonary ailment because we don’t use 80 percent of our lungs. Medical field advise us to respirator
After spending same amount to buy a respirator and mechanically trying to aspire it?????

Buy this
Blow for 10 minutes twice daily in whatever way you can
Hear whatever sound ( music 😁😁😁😁 comes out)
Enjoy
You will definitely will not die of respiratory issues

Buy one for each member of the family
Always an instrument to be personal"
,Excellent
,"You can always trust Yamaha. This turned out to be just as I expected, with nice sound quality. This is the best recorder for children, beginners, intermediate and even professionals! Five stars from me."
,Worth to Buy for Kids
,Great value buy for beginners
,"Pros : built quality is good , tonal quality is good , comfortable to play .

Cons : not yet noticed any.

Overall Satisfied!"
,Good
,"This is an excellent quality recorder for beginners and advanced players for practice. They have very good innotation and are very forgiving of breath pressure and thumb placement on the rear hole, which makes it easy to play and learn on. You can't get better for this price!
For those leaving reviews comparing it to wooden Moeck recorders, perhaps they may like to get this Moeck recorder in Ebony wood, which is also excellent and gets 5***** from me. It's only £493.45 plus £18.99 delivery! Please leave sensible reviews and comparisons!?
https://www.amazon.co.uk/dp/B01IICGD9S/ref=cm_sw_r_cp_apa_glc_fabc_NHJ1NFRAJV18QM7K98B6"
,"Classy, ideal first recorder as it looks real. The coloured plastic ones work but don’t encourage children to care for their instrument- this one does. Comes with a fabric bag ."
,A basic recorder that a child or adult can play - beginner or more experienced
,My 8 year old is learning recorders at school and this is fantastic for him. His music teacher has said it’s the right one to learn on.
,We bought this as it’s tbe same model as they use at school. Practice at home and with friends. Sounds ok for a beginner Recorder.
,"Looking for good product for you child to engage with beautiful and mind game. Beautiful eggs nesting. For kids with vibrant colours made of high quality materials which make it for last longer and makes your kid attentive and engage with this beautiful thing. i loved the product. Find the chicken hidden in the eggs and enjoy the game. It helps to improve sight skill and colour recognition skill in the baby, it aids to developement of reasoning skill of your child. Learn activity with littles. Make your children smarter,wise, creative with this product and more. My child loved it a lot and it is happy to Play with it. Littles give you lot of Playing toys like this which make your child joyful, smartest, creative,quick learner, confidance and much more."
,"Nesting eggs is a nice product child loves to play with it and spend a lot of time . No sharp edges. Can play in multiple ways and has nice vibrant colours. Quality is also amazing, soft plastic is used . I found it best for gifting purpose also."
,"Nice toy it is help to developing the motor skill ..quality is good BPA free plastic toy .. colourfull and attractive easily to your baby , my daughter enjoy it a lot ..unbreakable plastic toy much love this toy"
,"My kid loved it. He said he's going to do magic!
Nice and good quality for the paid.."
,My daughter is engaged in this
,"This is very beautiful and good quality eggs
,we bought and our kid loved it.
It helped develop skills to open and close objects with curiosity.
Recommended to buy for kids under 1 year."
,"I purchased this for my baby girl which is of 16month .high quality plastic, strong,no pointy edges,Bright colours, open open surprise ,4 eggs and one duck doll inside. The finish and plastic quality is very nice. Manufacturers has taken care to carve everything perfectly to make it safe for children. Overall, it's cheap and best product for growing kids."
,Recommended for kids below 4years
,Good toy
,"I had purchased earlier it was defective however when I bought it again with cell, it came running perfectly. Useful for kids above 1.5 years"
,Nice
,Good product 👌
,Good product.
,Very nice 👍
,Very good
,excellent in all ways.pl keep it up.
,Too good & stylish 😎
,Nice product good work condition
, Toy quality 👍
,Good quality
,"Even after replacement, the topy stops works after a day. Don't buy this for toddlers"
,Good product
,Its sturdy and value for money. My kid plays with it for past 3 months.. Proves its durability.. I am very much satisfied with this
,"Build Quality - 10/10
Ease of Assembly - 10/10
Fun Element - 10/10

Just go for it....
This is my second purchase from this brand and both the products have top notch quality.
Other brands promise, say, 101 projects but you have to purchase add on parts separately. But this one promises 50+ projects, AND ALL THE THINGS YOU NEED ARE IN THIS BIG BOX ONLY...!!!
There are 4 boxes, 2 sturdy foam sheets with necessary parts, one envelope with all the paper and other pieces and one 80 page manual inside this BIG BOX...
And promise of STEAM projects definitely gets fulfilled...

There are many many items and each and every item is mentioned in its manual.
Also the manual is very easy to understand.

So JUST GO FOR IT...!!!
You won't be disappointed...!!!"
,"This was a gift from me to my 7 year old nephew. He already has 100s of toys already, but this one has stimulated him like no other. The sheer joy of building things (fans, walking bot, motor car, vacuum cleaner etc) which otherwise are given ""ready-made"" is very pleasing to see. I can see him very eager and confident to try out more projects even though the concepts are yet to be covered in school curriculum. Science is no longer a ""subject"", but a tool to create new toys :).
Butterfly Fields also has frequent interactive sessions with the kids and parents to present the projects and encourage kids to try out new ideas which gives the kids a sense of participation and appreciation. This kit is highly recommended especially in the present times where kids do not get any practical sessions in schools/lab. This is definitely a must-have kit for kids who have been limited to only conventional built-in toys to kindle the joy of discovering science by building things themselves, making them more creative, confident and engaged in school curriculum too."
,"Came across this product while browsing Amazon website. Actually bought this on whim. And I was really in for a great surprise. After trying lot of STEM type products (Flintobox-Geniusbox) I was not expecting myself to get surprised. But this turned out to be a really great buy.
Overall the box is well thought of with most of the elements greatly designed and of good quality.
Excellent balance between ease of use and need for creative thinking on the part of child.
All parts seem to be produced after thorough thinking.
Overall super happy and truly a "" tinker "" lab for kids .
Great going guys."
,"1) Product contains all materials required to perform 80+ Fun Activities

2)The durable materials are authentic, safe to use and especially MADE IN INDIA

3) Set comes with a QR Code which when scanned leads us to Instruction Videos which are clear, crisp and easy to understand. It also has a manual where stsp by step instructions on gow to perform the activities are mentioned

4) STEM Instructor facility is provided in case we get stuck anywhere while performing activities which is a very good value added service

5) My Child enjoyed making Walking Robot , Scars Car & Catapult Shooter
This product is much more than just a toy. Overall a nice buy and my child is happy!

6) Thank you amazon for a super quick delivery which reached on time and as a surprise for my child's birthday."
,The top up box mentioned in the video description was missing. That's the only thing why I'm giving it a 3 star. If it had delivered the complete package I would have given it a 5 star. It's a very helpful product to develop scientific temper in kids.
,"Bought this for my daughter and it is totally worth it. Awesome product and the quality of the material is fantastic. My 8-year-old daughter started using it entirely on her own with no help from me. It's pretty exciting to assemble something like this which actually works.

You can make more than 80+ projects. I thoroughly enjoyed doing activities along with my child. They have lot n lots of youtube videos that explain how you can make projects and very easy to follow. This kit develops child’s creativity and imagination and keeps them away from mobile gadgets.

I really thank the Butterfly edu fields team for making such great learning and educational toys for kids."
,"I probably cannot explain the excitement, my son is having. He is spending his entire day towards building it. What a packing! You just need hands and brain , as everything else is included in the package. A must buy for parents who wishes to find excitement. I am planning to buy two more to gift my relatives. I am dumb struck, cannot express it more. If u are here to read my review, ""Don't just add it only in your cart, go ahead and buy without a second thought"""
,Liked everything
,The kit has good intentions but is poorly made and the boxing/kit storage is not very desirable. The magnetic parts are weak and don’t stay together like you would expect considering they do very well in the videos instructions are YouTube only would rather have a book with all the projects in it! They send four large fan blades and one small one the small one is the only one that works on the vacuum which broke as soon as the beaker fell off because the beaker doesn’t stick to the fan motor body as it’s not sized well the car we built kept falling apart again cause the magnets are very weak it says to use 9v which makes it go faster and fall apart immediately so we tried the 3v on gear box and had more success with it staying together we also added a spare magnet in between the parts which helped hold the front wheels to the rest of assembly. Overall I’m not satisfied and think I will be returning it
," Had high hopes for this toy. It looks to be a well-thought-out and fun STEM toy set that has lots of potential to be a great learning experience; however, what is the point if the batter holder (the main power supply) doesn't work? The company was considerate enough to send us a completely new set, but the new set also came with a defective battery holder! QC IS TERRIBLE FOR A $100 TOY. Very disappointed."
,"The products includes several defective components. I returned the item and asked for refund, yet, ended up being charged $40 restocking fee for a product that did not function properly, at first place."
,"I bought this for my boy. He was very excited for when we received.
First one had a bad connection on the battery tray. And we ordered a replacement one as well.
The second one come with broken part.
I really like the concept, please focus more on the product quality control."
,The first kit I received had something wrong with the battery pack or wiring. A replacement was sent and it had the same issue and had additional damaged pieces. My daughter is so disappointed.
,Instrument and bend condition delivered
,Worth to price.
,Not a steel body. But a plastic one. But ideal for beginners. Go for it.
,Body is Good But The Plastic which give us sound is not stable for long that is only issue
,Its a good one for people how exactly know how to play it... Not for People who just want to get sound out of it without knowing how to play it!
,It's sound quality is amazing
,"The additional membranes provided have not yet reached to their full potential I'm guessing, since the one that came attached is working fine but others have not yet produced the same quality of sound,even after playing for longer hours."
,Good
,Good
,Prathana
,Not at all felt good
,"Recently I ordered this product .
I liked it very much nice sound and Good quality and best price"
,"Looking at size , price seems to be bit high.
Ok product not sure what exactly to give or express in terms of quality. However, was harassed by xxxx 97685, to give good rating for the product. Again, not sure , why such aggressive tact been followed. Amazon shall not give customer contact number to vendor."
,Durable but sound quality not good
,We'll it isn't what it is in pic but overall sound is upto perfect I understand about the seller though 🙏🏻
, I don't want replacement of same. Please refund my money. Thanks.
,Very nic for beginners
,Recommend for beginners
,For the beginners it's ok to learn....but needs to change after some time...... Needs to improve sound quality....sound quality has not meet the expectation.
,If you are a beginner for sure it's a good choice for you but if you don`t use it for a few days it smells very foul.
,"I feel it's very good, but thickness is less, more fine tuning is required."
,"We ordered this for my brother and this is very good basuri, come with a bag kind of cover for it's own, very good build quality and comfortable to hold after few times. Overall great value for money and very beginner friendly."
,"This flute is good for beginner and as well for professional
This is better than other brand in same proce segment"
,Useless
,Very good
, It's been happy to receive such a good product which I liked.. this is the second time I ma ordering . It is good to by.
,"Don't expect to make a career playing it... It's a cute gift, for quiet moments but not a practical instrument. Cool gift for a musician friend"
,I bought this for my son and he loves it. The necklace could have been better.
,"This product can be used as a decor item or as a toy for a child. It's not at all playable, at least the piece I received feels more of a toy than an instrument. Looks beautiful though. Cannot be used to learn Kalimba."
, 7th key is not working properly.. however quality wise product is good. I was expecting a help book to use and maintain the kalimba but got nothing.
,Tough for kids to play on it.
,I Like it
," Cute little instrument that’s easy to learn and travel with..
Amazing to play children’s rhymes and few other songs
One suggestion is a tuning hammer can be provided else it’s difficult to play the songs/adjust the tune if the tines move by mistake"
,"Tiny and compact while the 1st look but it’s no use , don’t expect sound quality , unable to hold , it’s will be use full for kids to make interest on such instrument -but music output strictly don’t expect"
,Like
,Supurb quality. Perfect size . Most important value for money.
,Ok
,"Tune is not according to the notes. The holes are not in the place they should be, not a value for money, asked for an exchange and got the defective item again."
,Good
,Nice
,"Its been 2weeks since i got my flute. Good quality. I received a bag, a strong pvc pipe to protect flute from damage, a beginner flute."
,Buuh
,"The Flute is good for a beginner but not for professional flutist.
Good Part :
1) The offering price is good , looking at the protective case(Black case+PVC pipe) you get this one.
2)Scale - Flute manages to stay in C# when checked with tuner. Not exactly C#, it almost reached D.

Bad part/Improvement to be made :
1) There are lot of spots on the flutes, which spoils the look.
2) Higher Grade of Bamboo can be used , but I guess thats why Foxit managed to provide flutebat this rate.
3) Flute is bent towards the end, company can work on this tapered end issue.

Overall this can be used for learning purpose, for recording or stage performance one can go for other options on Amazon."
, এটা আমি এখনো ব্যাবহার করছি এত সস্তায় ভাবা সম্ভবই নয় খুব সুন্দর জিনিস এর সাউন্ড ও খুব সুন্দর তবে বাসের কোয়ালিটি অতটা ভালো না
,
,"I wanted to pick up a new hobby and a seemingly small musical instrument that sounded like angel farts was the way to go. I even started learning 'Godfather Theme' with an idea that I can show off in front of my friends, I learnt 2 paragraphs in 3 days. But one fine day I started strumming it and all I could hear was 'Raja ko Rani se pyar ho gaya'. Now it lies somewhere deep in my cupboard and all I have left are 2 sore thumbs and 'Raja ko Rani se' stuck in my head. Nice product."
, Learing for chidren
,I was actually not sure whether to buy a blue Kalimba or a brown one and I am very glad that I chose blue. The make is excellent and the color is fantastic. It’s very melodious and well tuned. The complete kit is good and well made. Thanks to Amazon for timely and safe delivery.
,Love it✨👌
,"Review Description:
Very well tuned Kalimba and the color and finishing is absolutely wonderful. The wood and make quality is very good. Very happy with the purchase and delivered within 2 days. Excellent job Amazon 👍"
,I loved how this sounds and vibrates . Perfect quality and sound ! super happy with this instrument. Mom said you could have bought this instead of piano lol. I love both equally now
,To long and diameters is big for bigginer
,"Tried 4 to 5 flutes and none of them had any sound played when the fingers were placed, the holes are not aligned in a straight line, in one flute there are 5 holes instead of six (as shown in photo), in one of them the bamboo is a bit whapped and worse of all it is non refundable hence I am left with 10 new flutes for the school band which goes as waste or a mere spectacle. I will now have to purchase them physically from the shop for the students and teach them accordingly."
,simply nice
,None of the Flute is working. I want to return or replace the product.
,Bahot besura hai please ullu na banaya jaye
,The Kazoo I received had a diaphragm torned. Fortunately they have sent spare ones. It's not so beginner friend tbh.
,Good for kids....they will love.. a little bit irritating noise
,"some resonators(vibrators)are not working, my rating=2.5/5"
,"Easy to play.
My 6 year's son love to play it.
Price is quite high compared to the material."
," IT HAS ONLY BEEN 1 DAY SINCE KAZOO ARIVED, HENCE IM NOT THAT GOOD, BUT A FEW SOUND EXAMPLES ARE PROVIDED
Mine is also not properly tuned, yesterday it was tuned better.......

Nice kazoo, awesome sound, sounds like a saxophone 🎷, bit a little disappointed that they did not provide extra diaphragm
My kazoo came in a plastic bag like thing covered with bubble wrap, so none special packing, but mine came perfect...
Because of this pandemic times, I cleansed my kazoo(removed the diaphragm and soaked it in warm water with dettol antiseptic)
Overall value for money
But disappointed for the singular diaphragm, didn't came with 5 extra diaphragm"
,"Not a good products, very low quality"
,Worst Quality Worst Packing. Waste of time and money.
,"You can order this, i am practicing Kazoo and Playing it on stage and in my recordings too.

Bought two of them, one for me and another for brother. Got both orders before time and in a very good conition."
,Like it
,"Got in time, good product, hand - made which makes it quite enticing, it makes original damru sound, never had one but it should be close to that I guess, I ordered it because it was to be send as a gift 📦 and this is where disappointment steps in, it came to me in just TRANSPARENT PACKING SHEET! this is not what I expect out of Amazon, if ""A Box"" & ""Amazon packet"" needs extra charge then add function for it below item , but don't harass us by handing items just like that! Extremely Poor packaging, nice delivery & nice product. 😊"
,"Looks good,sound is superb. I ordered two, one is superb second one is finishing wise not that much good."
,"The beads and the threads came off within 5 minutes. I mean, quite literally 5 minutes"
,"It was good and well packed and I want which worth.If you look on other products like this,they may look cool but don't gives any real feel of damru"
,Product was damaged
,Good quality and sound too. My grand daughter enjoys it.
,It was very nice product.
,Very good product.
,Top quality with reasonable price 👍
,Good Product.
,"To start with, I had wanted a Daffli, not a Tambourine. In the product photograph shown on the product page, the cymbals were not clearly visible so I thought I was buying a Daffli. Anyway, having bought it, I have no regrets whatsoever. The sound is great. It has the characteristic ethnic charm of analogue Indian folk instruments. And if I don't want the sound of the cymbals (especially while recording), I wrap a cloth (or a hand towel) around the circumference of the instrument to muffle the cymbals. Problem solved!

The instrument has a plastic head, not hide. This means in wet climates like Mumbai and Kolkata, the tuning doesn't get ruined in the damp weather.

One small point of inconvenience - the Daffli does not come with a tuning key for tightening or loosening the nuts that control skin tension. Since this is a cheap but essential accessory, I feel it could have been included in the pack."
,The product we received smaller than the product image...
,"Awesome packaging and what came out of it is superb. I got it in the amazon sale. If you are confused about this, don't be. Just go for it. The quality of bass and overall build will blow you away."
,Its a stress relief box. Awesome.. I liked it.
,Easy to learn... Go for CB 50 .. for adjustable snare..
,Not a Dass strings in clapbox
,Amazing cajon easy to learn
,Awesome...purely professional...m performing at stage
,Gud but sound is not good quality
,1
,Waste
,Small size and some scratches are there 😡😡😡
,"Sound is ok but the size which I got is less than expected . Ok valuable for money
But the shipping cost is too hi 99.0Rs if there is no shipping cost is too good"
,"Quality is not that much good, but ok"
,This is not good
,Product is small in size..
,I see a crack in the frame
,"Expected nothing less from Yamaha. It's an amazing product for those starting with keyboard.

Best part for me is that it has support for Headphones with 3.5mm Jack👍"
,"Description said they will provide a free digital Song Book which I have not received even after purchase of three weeks. Sticker labels doesn't cost much and should have ben provided. A carry bag would have been appreciated much. Anyway, its a good purchase for a teenager."
,SUPER
,Nice prodoct
,Worth product and value for money.Very Useful for beginners
,Everything is good
, Very beautiful
,Nice at this price.
,"Something about these classical instruments which is beyond the words.. These remind me of my master(Guru). So, I ordered these as a gift for one of His great disciples.

Now about the product..

PROS: Wonderful to look.. And to hold.. Sounds as amusing as expected..

CONS: Bit more polishing could be helpful, but can do without it..

Overall, I would say.. (If that's your thing then..)
Lift them up, play it in many tunes and chant your lovely melodies.."
,"They look so graceful, shiny, great color... and even the make is strong. Price is good. Take them."
,Acha hai finishing bhi achi hai. Pura Paisa vasul
,Height should be less and width should be more for better balanced opening and clapping. Now due to increased Height fully opening and clapping found difficult and not possible. Price is okay.
,Product is good quality also good but I found fungal grown on the product. It is not expected. Please improve the packaging quality.
,Good product. Nice sound but a little loud. Worth buying.
,I bought for Aarti. Good
,The flutes are not much good but it's perfect for this price range as a branded flute cost around 1500 above if you need a set and your budget is low I prefer you this❤️
,If you can improve the quality and and price then this will be a more useful combo for musicians
,Very worst product delivered in Amazon always damaged goods. Flute is broken.
,Its AMAZINGGGGG!! Its perfect for a beginer. I dont even know how to play a ukulele and i am learning. This is too good. I love the sound and i cant stop playing it!
, First of all people who say it can be bigger it's a ukulele not a guitar read the product details carefully. Now comes the review it's worth it absolutely loving it
,Not bad
,"Very nice packaging and Gud product for the beginning learnr's 👌
Same color as shown in the pic.
My daughter loved it 👍👏✨"
,I did not know suprano is so small. Because of my long fingers I face difficulty in playing some chords as fret is really small and space between the string also is small. But overall a good product if you are okay with size. Easy to learn and sounds great. Problematic with fat fingers.
,"I'm not very happy without how it sounds.
No aesthetic issues, it's quite pretty actually."
,"Sound quality is very good, smooth finish, easy to learn and good for beginners, the case for it is also of good quality and was packed well without any room for damages"
,"It's a good product, I'm a satisfied customer. Its size makes it transportable and it looks very cute too. The sound is perfect, it just gets detuned quite often. Now I'm not a professional so I don't know if this happens with every ukulele or not."
,Bacche zid kar rhe h to hi mngwao thik h . Vrna muzic to kuch niklega nhi . Tung tung aawaj aayegi . 449 me thik thak h .
,I thought it was a guiter where kids can learn something. But when I recieved it is very small size of toy. After few times check one wire is already loose. Other 3 wire are also after some time all are not tightly tie. I never aspects like a poor quality.
,"The quality of the product is not as expected.
Not worth buying this product..."
,Average quality
,"One of the worst products I have ever bought on Amazon. The build quality and play/sound quality and everything about it is bad. I got carried away by the picture and the fact that it was #1 best seller.

I am not sure how this product can be #1. Returned this immediately."
,Strings are quite weak. Be careful when you give small kids as the strings suddenly snap with just 1 touch and may hurt them.
,A Big NO
,Very bad product
,very good purchase - nice quality and easy instructions
,"Product build quality & finish is awesome also Steel Tongue Drum has great sound.
In the same price range, very few Tongues are available. Beautiful built quality & very good design, must consider to buy for kids. Value for money!!! Worth buying."
,Product quality is too good and Authentic sound so natural everything is really totally loved it right now i am learning this thankyou fya
,Battery backup not good.
,Mic sound and speaker sound quality is not Good
,"I ordered golden mic,, but u send black one...product is good"
,Nice product
,"Worst product, don't ever buy.You will regret it because it does not work good and no one came to pick it up when I tried to return.amazon is scam😔🙄😴☹️"
,Charging connector is missing.. And delivered different color.
,Colour booked was golden n delivered item was black in colour . Microphone is ocssilating n making a terrible noise. Volume lower button is not working. Kindly refund my money back as soon as possible
,"This is a product kid would love it. I purchased it for a kiddo and she loved it, she would just sit and keep jumping. Kid loves the characters on the mat."
,Product is good and it is same as what it is describe in description.
,"Given as gift, so not much to say. However seems good product for children's to play with sound. Worth it.."
,Product is really nice. But only one problem. Volume is too low even on full volume & with proper silence in room. Now ordering one more. Plz send with good volume otherwise again i’ve to return.
,👍👍👍👍
,I like dis product so much.. sound is so melodies
, Good product. You can buy. But please improve packing.
